YLR106C,564
YKR054C,485
YHR099W,410
YDR457W,370
YLL040C,360
YDR150W,353
YLR454W,338
YLR087C,325
YBL088C,316
YOL081W,315
YKR095W,314
YBR140C,310
YHR165C,306
YBL004W,300
YMR207C,299
YLR430W,298
YIL149C,293
YBR136W,291
YHR023W,291
YGL195W,283
YKL203C,283
YNL262W,282
YFR019W,280
YJR066W,276
YNL271C,265
YDL058W,264
YNR016C,259
YDL171C,254
YDR464W,254
YIL129C,253
YER155C,251
YMR229C,247
YER172C,242
YJL005W,237
YKR031C,235
YGR296W,232
YNL339C,232
YBR275C,231
YFL007W,231
YJL130C,230
YOR191W,229
YOR290C,228
YDR545W,227
YGR271W,227
YLR422W,227
YER164W,225
YLR086W,225
YCL014W,222
YDR334W,222
YPL085W,220
YNL088W,219
YCR093W,218
YIL126W,216
YJR138W,216
YGR184C,215
YKL101W,215
YGR217W,213
YPL082C,213
YJL225C,212
YKL182W,212
YPL242C,211
YIL177C,211
YGL150C,209
YOR341W,209
YPL231W,209
YCL019W,208
YDR283C,208
YNL250W,208
YDR261W-B,208
YLR410W-B,208
YGL131C,207
YLR024C,207
YDR227W,206
YGR161W-B,206
YNL284C-B,205
YGL173C,203
YKL014C,203
YBR012W-B,202
YHR214C-B,202
YIL082W-A,202
YJL095W,202
YLR305C,202
YNL139C,202
YDR170C,201
YER160C,201
YLR247C,201
YJL207C,201
YMR045C,201
YBL005W-B,200
YGR161C-D,200
YHL030W,199
YHR164C,199
YJR029W,199
YPR137C-B,199
YER138C,198
YJR140C,198
YOL103W-B,198
YPL257W-B,198
YPL217C,198
YJR027W,197
YNL102W,197
YJL109C,196
YOR326W,196
YDR093W,194
YFL008W,194
YMR162C,194
YML072C,194
YDR507C,193
YER132C,192
YGR270W,192
YKL201C,192
YMR128W,192
YOR093C,192
YBR208C,191
YDR356W,191
YDR104C,190
YGR116W,190
YAL001C,189
YLL021W,189
YJL074C,188
YKL129C,188
YOR116C,187
YDR141C,186
YER093C,186
YGR098C,186
YMR190C,186
YAL029C,185
YGR032W,184
YLR342W,184
YIL159W,183
YMR176W,183
YCR033W,182
YDL019C,182
YFR031C,182
YGL133W,182
YMR306W,182
YFL036W,181
YLR310C,181
YBR245C,180
YFL033C,180
YIL173W,180
YJL222W,180
YNL172W,180
YNR031C,180
YML133C,180
YGR281W,179
YMR219W,179
YDR180W,178
YER166W,178
YOL034W,178
YDR159W,177
YJL092W,177
YLL048C,177
YLR320W,177
YLR383W,177
YER176W,177
YDL140C,176
YIL112W,176
YHR080C,176
YBL034C,175
YBR081C,175
YGL197W,175
YHL035C,175
YLR398C,175
YLL003W,174
YOR304W,174
YNL257C,174
YAL024C,173
YJL042W,173
YCR042C,172
YNL242W,172
YGL206C,170
YHR119W,170
YMR280C,170
YPR189W,170
YDR326C,169
YMR247C,169
YDL031W,168
YLL015W,168
YLR371W,168
YML059C,168
YER008C,167
YHR186C,167
YOL100W,167
YLR410W,167
YLR466W,167
YAL035W,166
YJL076W,166
YJR092W,166
YPL009C,166
YOR227W,166
YCR073C,165
YDR127W,165
YDR217C,165
YCL061C,164
YJL080C,164
YMR109W,164
YLR309C,164
YJL129C,164
YBL017C,163
YMR076C,163
YOL004W,162
YHR077C,161
YJR033C,161
YPR184W,161
YDR097C,160
YJL039C,160
YJR035W,160
YNL091W,160
YLR032W,160
YPL216W,160
YER129W,159
YMR012W,159
YOL138C,159
YBL022C,158
YCL054W,158
YFR016C,158
YNL273W,158
YDL112W,157
YLR425W,157
YOL145C,157
YDR406W,157
YOR086C,157
YDR135C,156
YEL022W,156
YBR079C,155
YER013W,155
YER105C,155
YGR094W,155
YOR153W,155
YMR086W,155
YML093W,155
YAL017W,154
YBL105C,154
YNL106C,154
YOL078W,154
YLR189C,154
YKL105C,154
YBR097W,153
YLR384C,153
YMR129W,153
YOR151C,153
YPR115W,153
YAL019W,152
YNL087W,152
YBL079W,151
YML103C,151
YCR081W,150
YGL251C,150
YGR170W,150
YKL010C,150
YKL092C,150
YPL012W,150
YPR095C,150
YDR293C,149
YIR002C,149
YJL050W,149
YPR112C,149
YPL137C,149
YCL024W,148
YDL148C,148
YDR301W,148
YGR258C,148
YOR188W,148
YPR164W,148
YBR115C,147
YDR216W,147
YEL077C,147
YGR090W,147
YOL006C,147
YPL226W,147
YOR124C,147
YDR475C,146
YGR070W,146
YKR086W,146
YDR407C,145
YGR162W,145
YGR274C,145
YOR207C,145
YDR359C,144
YER114C,143
YHR154W,143
YAR042W,142
YGR047C,142
YKL215C,142
YPL110C,142
YPR049C,142
YOR336W,142
YIL115C,141
YJR031C,141
YPL160W,141
YOR058C,141
YNL221C,141
YDL102W,140
YDR285W,140
YDR379W,140
YDR443C,140
YHR073W,140
YIL026C,140
YJR089W,140
YJR127C,140
YKL050C,140
YBL076C,139
YBR203W,139
YBR237W,139
YDR060W,139
YDR122W,139
YNL132W,139
YPR010C,139
YLR336C,139
YDL077C,138
YDR017C,138
YGL092W,138
YGL207W,138
YML104C,138
YPL022W,138
YPL043W,138
YPR122W,138
YDR335W,137
YGL006W,137
YLR096W,137
YMR304W,137
YPR097W,137
YAL026C,136
YBR073W,136
YGL049C,136
YIL147C,136
YLR223C,136
YLR442C,136
YLR278C,136
YMR218C,136
YBR150C,135
YDR310C,135
YML065W,135
YNL023C,135
YOR005C,135
YDL231C,135
YMR196W,135
YBR218C,134
YDL145C,134
YDR291W,134
YGL163C,134
YML061C,134
YDL040C,133
YML010W,133
YML049C,133
YPL150W,133
YPL074W,133
YBL085W,132
YBR295W,132
YCR092C,132
YGL156W,132
YHL023C,132
YHR079C,132
YHR158C,132
YKL064W,132
YLR045C,132
YMR031C,132
YGL062W,131
YGR188C,131
YHR120W,131
YML091C,131
YNL267W,131
YBR055C,130
YEL055C,130
YFL024C,130
YOL021C,130
YOR335C,130
YOR109W,130
YOR217W,130
YOR048C,130
YOR346W,130
Q0050,129
YBR023C,129
YEL061C,129
YLR067C,129
YLR249W,129
YOL087C,129
YOR017W,129
YBR156C,128
YDL240W,128
YDR128W,128
YER162C,128
YLL008W,128
YLR039C,128
YLR357W,128
YNL014W,128
YBL063W,127
YFL034W,127
YGR097W,127
YIL156W,127
YJL020C,127
YKR096W,127
YMR273C,127
YBL007C,126
YDL185W,126
YDL239C,126
YEL031W,126
YER047C,126
YIL013C,126
YKL197C,126
YKL209C,126
YMR066W,126
YNL278W,126
YLR263W,126
YOR011W,126
YAL011W,125
YBL101C,125
YGR233C,125
YIL030C,125
YMR275C,125
YOL045W,125
YIL031W,125
YGR150C,125
YOL089C,125
YMR089C,125
YPL040C,125
YNL163C,125
YBL052C,124
YGR140W,124
YJR090C,124
YLL026W,124
YNR065C,124
YOR127W,124
YNR070W,124
YMR287C,124
YJR041C,124
YOL075C,124
YGL093W,123
YGL094C,123
YGR061C,123
YJL168C,123
YOR098C,123
YPL141C,123
YML034W,123
YPL195W,123
YER111C,122
YGR245C,122
YIL002C,122
YJL087C,122
YPL115C,122
YOR211C,122
YPR030W,122
YBL104C,121
YBR059C,121
YDL073W,121
YDR314C,121
YGR237C,121
YJL033W,121
YDR421W,121
YJL197W,121
YAL002W,120
YBR084W,120
YDR365C,120
YDR369C,120
YFL004W,120
YGL113W,120
YGR238C,120
YNR011C,120
YOR363C,120
YDL074C,119
YGR186W,119
YIL125W,119
YLL034C,119
YML111W,119
YPL147W,119
YPR055W,119
YOR195W,119
YPR104C,119
YDL215C,118
YDR485C,118
YGR145W,118
YIR006C,118
YMR231W,118
YOR233W,118
YPR019W,118
YDR074W,117
YFR013W,117
YGL141W,117
YIL048W,117
YNL308C,117
YPL019C,117
YBR114W,116
YBR142W,116
YBR179C,116
YDL223C,116
YFL023W,116
YGR130C,116
YHR082C,116
YJR109C,116
YKL082C,116
YKL157W,116
YKL173W,116
YKR029C,116
YLR071C,116
YML117W,116
YPL174C,116
YPR018W,116
YBL023C,115
YDL117W,115
YDR052C,115
YDR351W,115
YGL201C,115
YGR134W,115
YIL151C,115
YJR061W,115
YLR115W,115
YLR129W,115
YLR319C,115
YNL127W,115
YPL016W,115
YLR138W,115
YKL188C,115
YPR021C,115
YAL051W,114
YEL032W,114
YGR100W,114
YJL084C,114
YKR010C,114
YNL082W,114
YOL090W,114
YPL105C,114
YPL008W,114
YGL013C,114
YLR389C,114
YBL037W,113
YBR033W,113
YER077C,113
YGR056W,113
YJL047C,113
YKR064W,113
YLR148W,113
YML109W,113
YMR288W,113
YNL233W,113
YHR031C,113
YLR409C,113
YKR089C,113
YLR187W,113
YPR141C,113
YDR430C,112
YER032W,112
YGR240C,112
YJL165C,112
YKL072W,112
YKL210W,112
YMR257C,112
YPL020C,112
YMR302C,112
YNL224C,112
YBR225W,111
YDL060W,111
YDL190C,111
YDR026C,111
YDR238C,111
YDR466W,111
YDR490C,111
YGR089W,111
YIL038C,111
YKR050W,111
YLR436C,111
YML100W,111
YOL051W,111
YPR032W,111
YLR318W,111
YPL207W,111
YBR038W,110
YDL132W,110
YDL149W,110
YER151C,110
YGR218W,110
YHL007C,110
YIL128W,110
YJR059W,110
YKL171W,110
YKR082W,110
YLR240W,110
YMR053C,110
YMR102C,110
YMR124W,110
YNR047W,110
YPL084W,110
YMR261C,110
YFR038W,110
YIL091C,110
YBL047C,109
YDL195W,109
YDR027C,109
YKL020C,109
YLR014C,109
YMR080C,109
YNL118C,109
YOR206W,109
YOR144C,109
YNL192W,109
YAL031C,108
YDR028C,108
YDR194C,108
YDR207C,108
YER033C,108
YFL003C,108
YGL021W,108
YGL086W,108
YGL245W,108
YHR103W,108
YIL075C,108
YIL095W,108
YIR033W,108
YKL038W,108
YKR024C,108
YLL005C,108
YPL093W,108
YBL066C,107
YBL106C,107
YDL220C,107
YKL073W,107
YML075C,107
YMR049C,107
YNL236W,107
YNL227C,107
YDR208W,107
YBL008W,106
YDR080W,106
YGL151W,106
YHR102W,106
YIL144W,106
YKR101W,106
YML099C,106
YMR001C,106
YNL054W,106
YOL098C,106
YOR033C,106
YBR007C,105
YDL028C,105
YDR166C,105
YFR030W,105
YGL180W,105
YGL249W,105
YIL150C,105
YMR019W,105
YMR167W,105
YOR001W,105
YPR091C,105
YKR009C,105
YMR189W,105
YKL033W,105
YBR108W,104
YDL035C,104
YDR038C,104
YDR039C,104
YER169W,104
YGL244W,104
YIL078W,104
YKL168C,104
YLR335W,104
YPL240C,104
YPL045W,104
YPR171W,104
YNL186W,104
YDR049W,104
YOR349W,104
YNL212W,104
YAR019C,103
YBR121C,103
YDL056W,103
YDR006C,103
YFR002W,103
YKL179C,103
YLR233C,103
YNL039W,103
YOR080W,103
YPL210C,103
YPR160W,103
YPL158C,103
YPL005W,103
YNL041C,103
YPL180W,103
YBL005W,102
YDL164C,102
YDR040C,102
YDR138W,102
YDR496C,102
YER041W,102
YER157W,102
YHR015W,102
YHR172W,102
YJL010C,102
YJL098W,102
YKL078W,102
YLR117C,102
YLR127C,102
YMR075W,102
YMR205C,102
YOR133W; YDR385W,102
YOR243C,102
YPL029W,102
YIL017C,102
YER098W,102
YKR067W,102
YNL329C,102
YAL056W,101
YBR102C,101
YDR416W,101
YDR452W,101
YER075C,101
YFL050C,101
YGL216W,101
YGR103W,101
YIL047C,101
YIL143C,101
YJL029C,101
YLR166C,101
YMR014W,101
YMR078C,101
YNL313C,101
YOR038C,101
YPL153C,101
YJL070C,101
YKL155C,101
YER001W,101
YBR098W,100
YBR235W,100
YBR255W,100
YDL126C,100
YDR069C,100
YDR176W,100
YDR239C,100
YER017C,100
YGL099W,100
YGR204W,100
YHR182W,100
YIL068C,100
YMR186W,100
YMR232W,100
YNL272C,100
YOL017W,100
YOR308C,100
YPL146C,100
YOL036W,100
YPL155C,100
YGR125W,100
YPL125W,100
YOR371C,100
YOR162C,100
YBR049C,99
YER171W,99
YGL120C,99
YJL012C,99
YKL012W,99
YLR057W,99
YOL063C,99
YPL164C,99
YPL249C,99
YJL204C,99
YBR086C,98
YCR011C,98
YDL013W,98
YDR303C,98
YDR386W,98
YER069W,98
YFR009W,98
YFR040W,98
YGL227W,98
YJL154C,98
YJR134C,98
YKR021W,98
YKR099W,98
YLR002C,98
YLR399C,98
YLR451W,98
YMR213W,98
YNL243W,98
YOR165W,98
YOR310C,98
YGL167C,98
YMR163C,98
YMR212C,98
YKR079C,98
YMR165C,98
YJL209W,98
YBL024W,97
YBR202W,97
YDL153C,97
YDL154W,97
YDR332W,97
YDR520C,97
YER125W,97
YFL013C,97
YIL137C,97
YKL172W,97
YLR131C,97
YLR304C,97
YLR427W,97
YMR309C,97
YOL041C,97
YOR361C,97
YLR095C,97
YOR141C,97
YPR031W,97
YOR219C,97
YAL041W,96
YBR169C,96
YBR198C,96
YCR057C,96
YCR091W,96
YDR085C,96
YDR146C,96
YDR316W,96
YDR324C,96
YDR436W,96
YIL005W,96
YJL090C,96
YLR276C,96
YLR401C,96
YLR450W,96
YMR032W,96
YMR198W,96
YOR198C,96
YOL130W,96
YJR126C,96
YGL110C,96
YMR266W,96
YML035C,96
YBL014C,95
YBR001C,95
YCR030C,95
YDR295C,95
YER070W,95
YGL171W,95
YIL009W,95
YJL157C,95
YJL187C,95
YKL134C,95
YKR001C,95
YKR028W,95
YLL001W,95
YLR289W,95
YOR172W,95
YPL253C,95
YPR105C,95
YPR135W,95
YPL104W,95
YBR215W,94
YCR014C,94
YDR001C,94
YDR164C,94
YDR409W,94
YEL043W,94
YER091C,94
YER184C,94
YFL002C,94
YHR056C,94
YIL130W,94
YJL176C,94
YKL205W,94
YLR035C,94
YMR282C,94
YNL298W,94
YOL113W,94
YNL287W,94
YNL295W,94
YBL067C,93
YBR060C,93
YBR172C,93
YDR266C,93
YGL009C,93
YGL233W,93
YGR196C,93
YJL041W,93
YJR098C,93
YKL022C,93
YKL176C,93
YLR386W,93
YPL269W,93
YOR208W,93
YPR161C,93
YKL015W,93
YLL054C,93
YPL263C,93
YBR080C,92
YDR034C,92
YDR444W,92
YER022W,92
YJL056C,92
YJL102W,92
YLR175W,92
YLR219W,92
YMR192W,92
YNL311C,92
YNL126W,92
YNL144C,92
YDR186C,92
YOL091W,92
YMR160W,92
YBL097W,91
YBR229C,91
YDR103W,91
YDR389W,91
YDR419W,91
YDR499W,91
YGL205W,91
YGR072W,91
YIL092W,91
YJR132W,91
YKL017C,91
YLR313C,91
YLR429W,91
YNL201C,91
YOR069W,91
YDR081C,91
YPR029C,91
YOR018W,91
YPL270W,91
YPL106C,91
YPR179C,91
YAL043C,90
YBL061C,90
YBR045C,90
YBR074W,90
YCR037C,90
YDR195W,90
YDR206W,90
YDR473C,90
YER015W,90
YGL083W,90
YGR246C,90
YGR261C,90
YIL066C,90
YJR030C,90
YLR352W,90
YLR424W,90
YMR125W,90
YNL061W,90
YOR129C,90
YKR023W,90
YOR076C,90
YPL212C,90
YLL029W,90
YOR073W,90
YFL025C,89
YGL064C,89
YGR003W,89
YHR178W,89
YJL082W,89
YJL162C,89
YLL019C,89
YLR135W,89
YLR197W,89
YLR397C,89
YMR179W,89
YMR284W,89
YPR048W,89
YGL078C,89
YHL038C,89
YPR042C,89
YKL222C,89
YOR354C,89
YDR181C,88
YDR350C,88
YDR422C,88
YER110C,88
YER144C,88
YER167W,88
YHR027C,88
YHR047C,88
YJL083W,88
YJL200C,88
YLL032C,88
YMR224C,88
YNL121C,88
YNL216W,88
YNL225C,88
YOL015W,88
YOR322C,88
YKR018C,88
YPL116W,88
YBL009W,87
YCL030C,87
YGL241W,87
YGR200C,87
YKL079W,87
YLR054C,87
YLR182W,87
YLR234W,87
YLR362W,87
YML020W,87
YMR137C,87
YNR053C,87
YOR035C,87
YOR267C,87
YPL243W,87
YPR190C,87
YOR175C,87
YBR123C,86
YBR133C,86
YCR106W,86
YDL070W,86
YDL113C,86
YDR251W,86
YGR083C,86
YGR198W,86
YGR264C,86
YHR020W,86
YIR023W,86
YJL198W,86
YJR119C,86
YKL057C,86
YLR452C,86
YMR216C,86
YMR308C,86
YNL258C,86
YGR157W,86
YMR227C,86
YOR113W,86
YOR350C,86
YPL075W,86
YBR216C,85
YDL030W,85
YDR160W,85
YDR270W,85
YDR311W,85
YER049W,85
YFL047W,85
YGR013W,85
YGR071C,85
YGR099W,85
YGR266W,85
YHL019C,85
YHL032C,85
YHR066W,85
YHR114W,85
YJR005W,85
YJR110W,85
YPR111W,85
YPR137W,85
YDR440W,85
YDL176W,85
YNL137C,85
YPL109C,85
YNL293W,85
YNL218W,85
YCR077C,84
YDR091C,84
YDR172W,84
YDR333C,84
YEL030W,84
YER006W,84
YER173W,84
YGL027C,84
YGL238W,84
YGR178C,84
YHR091C,84
YIR003W,84
YJL089W,84
YJR002W,84
YJR053W,84
YKR027W,84
YKR090W,84
YLL011W,84
YLL018C,84
YMR061W,84
YMR104C,84
YNL049C,84
YOL117W,84
YOR027W,84
YPL086C,84
YPR072W,84
YLR092W,84
YNR051C,84
YMR044W,84
YMR100W,84
YDL207W,83
YDL214C,83
YDR037W,83
YDR213W,83
YDR243C,83
YDR312W,83
YDR320C,83
YEL023C,83
YHR197W,83
YKL048C,83
YKL108W,83
YLR274W,83
YLR369W,83
YML016C,83
YML071C,83
YOL095C,83
YOR014W,83
YPL248C,83
YHR028C,83
YOR373W,83
YBR289W,82
YCL036W,82
YDR221W,82
YER140W,82
YGR092W,82
YGR285C,82
YHL010C,82
YHR124W,82
YJL099W,82
YJL112W,82
YLR001C,82
YLR176C,82
YLR207W,82
YLR222C,82
YNL175C,82
YOR275C,82
YPR081C,82
YOR317W,82
YKR078W,82
YOR384W,82
YBR260C,81
YBR284W,81
YCR008W,81
YDR137W,81
YGL008C,81
YGL023C,81
YGL066W,81
YGL073W,81
YGL137W,81
YGR009C,81
YJR045C,81
YJR091C,81
YKL029C,81
YKL104C,81
YLL013C,81
YLR258W,81
YLR266C,81
YML054C,81
YMR054W,81
YMR246W,81
YOR119C,81
YPL194W,81
YHL050C,81
YKL185W,81
YPL126W,81
YOR112W,81
YOL144W,81
YOR356W,81
YBL075C,80
YDR108W,80
YDR120C,80
YDR362C,80
YER036C,80
YER082C,80
YER109C,80
YFR015C,80
YGR059W,80
YHR098C,80
YIL046W,80
YIL072W,80
YIL109C,80
YJL034W,80
YJL085W,80
YLR248W,80
YNL085W,80
YNL183C,80
YPL036W,80
YOL033W,80
YOR205C,80
YNR006W,80
YAL005C,79
YBL019W,79
YBL113C,79
YDR096W,79
YDR110W,79
YDR341C,79
YDR395W,79
YGR054W,79
YGR278W,79
YHR074W,79
YJL061W,79
YJL141C,79
YKL126W,79
YKL198C,79
YLR077W,79
YML042W,79
YMR154C,79
YNL004W,79
YNL012W,79
YNL068C,79
YNR033W,79
YOL115W,79
YOR324C,79
YJL201W,79
YCL057W,79
YPR008W,79
YPL032C,79
YNL136W,79
YOR239W,79
YBL035C,78
YBR276C,78
YDL150W,78
YDR118W,78
YEL060C,78
YER054C,78
YER103W,78
YER161C,78
YHR184W,78
YKR002W,78
YLL024C,78
YLR214W,78
YLR277C,78
YML029W,78
YML046W,78
YNL027W,78
YOR177C,78
YOR386W,78
YER087W,78
YOR353C,78
YNR060W,78
YPR185W,78
YNL073W,78
YOR132W,78
YAL021C,77
YAL054C,77
YBR041W,77
YBR058C,77
YDL036C,77
YDR088C,77
YDR505C,77
YEL053C,77
YFL009W,77
YFL049W,77
YFR029W,77
YGL016W,77
YGR002C,77
YGR276C,77
YHR035W,77
YHR065C,77
YHR117W,77
YLR241W,77
YMR172W,77
YMR239C,77
YNL005C,77
YNL076W,77
YOR160W,77
YOR081C,77
YKL089W,77
YAL047C,76
YBR044C,76
YBR158W,76
YBR227C,76
YBR281C,76
YCR088W,76
YDL156W,76
YDL229W,76
YDR323C,76
YGL095C,76
YGL119W,76
YGL229C,76
YGL252C,76
YGR067C,76
YJL013C,76
YKL135C,76
YKR016W,76
YKR063C,76
YMR106C,76
YMR240C,76
YMR285C,76
YNL021W,76
YNL047C,76
YNL161W,76
YOL066C,76
YOR063W,76
YOR270C,76
YPL070W,76
YPL119C,76
YMR145C,76
YPR033C,76
YJL071W,76
YLR253W,76
YMR277W,76
YOR023C,76
YGR171C,76
YNR059W,76
YNR008W,76
YBR094W,75
YDL025C,75
YDR200C,75
YDR211W,75
YDR299W,75
YGL036W,75
YGL045W,75
YGL145W,75
YGR202C,75
YGR250C,75
YHR166C,75
YHR207C,75
YIL022W,75
YKL204W,75
YLR006C,75
YLR072W,75
YLR433C,75
YMR047C,75
YMR108W,75
YOR178C,75
YOR254C,75
YPL042C,75
YNL112W,75
YKL220C,75
YJL149W,75
YML088W,75
YPL222W,75
YJR130C,75
YML082W,75
YOR147W,75
YNL045W,75
YJL131C,75
YPR007C,75
YAL048C,74
YBR015C,74
YBR184W,74
YDR129C,74
YDR228C,74
YEL011W,74
YFL042C,74
YGL236C,74
YHR194W,74
YJL019W,74
YJL094C,74
YJL110C,74
YJL128C,74
YJR040W,74
YKL074C,74
YKL139W,74
YLR368W,74
YNL188W,74
YOR156C,74
YLR381W,74
YEL050C,74
YLR183C,74
YJL156C,74
YLL031C,74
YIL172C,74
YIL136W,74
YPR125W,74
YOR087W,74
YLR114C,74
YAR002W,73
YBR138C,73
YBR200W,73
YDR292C,73
YDR514C,73
YER147C,73
YER158C,73
YFR022W,73
YGL014W,73
YGL116W,73
YGL144C,73
YGR280C,73
YHR205W,73
YJL057C,73
YLR098C,73
YLR440C,73
YMR094W,73
YMR290C,73
YNL008C,73
YNL238W,73
YOL148C,73
YOR054C,73
YOR171C,73
YPR175W,73
YMR313C,73
YOR140W,73
YKL148C,73
YPL181W,73
YDR501W,73
YMR140W,73
YPL228W,73
YAR007C,72
YAR035W,72
YBL084C,72
YBR279W,72
YBR299W,72
YCL045C,72
YCL051W,72
YFR037C,72
YGL026C,72
YGL071W,72
YGL124C,72
YGR005C,72
YGR194C,72
YGR292W,72
YHR072W,72
YHR168W,72
YHR171W,72
YJR064W,72
YKL045W,72
YKL133C,72
YKL165C,72
YKR036C,72
YLR238W,72
YLR259C,72
YLR314C,72
YLR373C,72
YLR457C,72
YML007W,72
YMR017W,72
YNL020C,72
YOL070C,72
YOR090C,72
YOR154W,72
YER014W,72
YPL063W,72
YPR006C,72
YBR019C,71
YDL095W,71
YDL143W,71
YDR168W,71
YDR348C,71
YDR376W,71
YDR484W,71
YER088C,71
YFL016C,71
YFR010W,71
YGL192W,71
YHL024W,71
YHR084W,71
YHR204W,71
YIL108W,71
YJL045W,71
YJR052W,71
YKR069W,71
YLR094C,71
YLR143W,71
YLR153C,71
YLR312C,71
YNL230C,71
YNR063W,71
YPL083C,71
YOR249C,71
YPL221W,71
YLR033W,71
YMR265C,71
YOR241W,71
YOR274W,71
YLR060W,71
YPL179W,71
YAL028W,70
YBL054W,70
YCR067C,70
YDL079C,70
YDL225W,70
YDR189W,70
YDR235W,70
YDR390C,70
YDR477W,70
YEL062W,70
YER005W,70
YER064C,70
YFR006W,70
YGR225W,70
YHR019C,70
YIL045W,70
YJR042W,70
YKL088W,70
YKL212W,70
YKR084C,70
YLL004W,70
YMR036C,70
YMR168C,70
YMR237W,70
YPR155C,70
YOR056C,70
YOR070C,70
YLR149C,70
YNL104C,70
YAR014C,69
YBR223C,69
YDL116W,69
YDL203C,69
YDR119W,69
YDR219C,69
YDR449C,69
YER048C,69
YER122C,69
YER165W,69
YFL054C,69
YHR005C,69
YHR159W,69
YIL014W,69
YIL105C,69
YIR010W,69
YJL194W,69
YKL145W,69
YLR015W,69
YLR116W,69
YLR177W,69
YLR273C,69
YLR396C,69
YMR064W,69
YMR268C,69
YMR291W,69
YNL048W,69
YNL101W,69
YOR034C,69
YOR244W,69
YOR196C,69
YPR194C,69
YOR108W,69
YKR008W,69
YPL245W,69
YGR128C,69
YDR363W,69
YFL001W,69
YPR133C,69
YNR045W,69
YPR163C,69
YJR143C,69
YPL023C,69
YLR330W,69
YBR028C,68
YBR117C,68
YCL004W,68
YCL039W,68
YDL042C,68
YDL101C,68
YDR212W,68
YER025W,68
YER123W,68
YER168C,68
YGL111W,68
YGL139W,68
YKL112W,68
YKL213C,68
YLR190W,68
YML006C,68
YML057W,68
YML069W,68
YNL248C,68
YOR066W,68
YOR299W,68
YOR329C,68
YML130C,68
YNR013C,68
YHL008C,68
YJL212C,68
YOR298W,68
YNL241C,68
YPR047W,68
YPR145W,68
YMR278W,68
YML043C,68
YOR025W,68
YPR169W,68
YAL023C,67
YBR017C,67
YPR080W; YBR118W,67
YBR131W,67
YCL011C,67
YCR038C,67
YDR023W,67
YDR062W,67
YDR145W,67
YER007W,67
YFR014C,67
YGR110W,67
YHR118C,67
YIL019W,67
YJL014W,67
YJL100W,67
YKL127W,67
YLR028C,67
YLR103C,67
YLR133W,67
YMR120C,67
YNL103W,67
YOR046C,67
YPR003C,67
YCR065W,67
YML013W,67
YBL039C,66
YBR043C,66
YBR163W,66
YBR186W,66
YBR238C,66
YBR273C,66
YCR066W,66
YDL085W,66
YDL159W,66
YDR188W,66
YDR403W,66
YER040W,66
YER065C,66
YER086W,66
YER113C,66
YGL234W,66
YGR065C,66
YGR068C,66
YGR091W,66
YGR123C,66
YGR124W,66
YGR155W,66
YHR196W,66
YJR003C,66
YJR049C,66
YKL143W,66
YLR080W,66
YLR337C,66
YLR353W,66
YLR392C,66
YML031W,66
YML032C,66
YMR105C,66
YOL068C,66
YMR004W,66
YPL189W,66
YLL051C,66
YJL186W,66
YOR321W,66
YOR204W,66
YPL190C,66
YPL260W,66
YOL112W,66
YNL009W,66
YBL080C,65
YDL044C,65
YDR131C,65
YDR148C,65
YDR398W,65
YDR523C,65
YFL027C,65
YGL003C,65
YGL129C,65
YGR142W,65
YGR179C,65
YHL039W,65
YHR042W,65
YIL142W,65
YJL036W,65
YJL054W,65
YKL113C,65
YLR299W,65
YMR153W,65
YMR201C,65
YPL204W,65
YOR351C,65
YNL321W,65
YMR111C,65
YNL167C,65
YPR074C,65
YIL101C,65
YPL208W,65
YLR228C,65
YOR334W,65
YML127W,65
YIR004W,65
YML120C,65
YBL099W,64
YBR236C,64
YBR250W,64
YCR072C,64
YDL007W,64
YDL103C,64
YDR030C,64
YDR061W,64
YDR240C,64
YDR263C,64
YDR264C,64
YFL018C,64
YGL022W,64
YGR252W,64
YJL025W,64
YJR043C,64
YJR084W,64
YKL062W,64
YKL194C,64
YLR394W,64
YLR417W,64
YNL094W,64
YNL154C,64
YNR023W,64
YPL140C,64
YMR258C,64
YML097C,64
YJL155C,64
YPL209C,64
YMR093W,64
YOR320C,64
YMR114C,64
YIL056W,64
YKL124W,64
YMR023C,64
YBL098W,63
YBR056W,63
YBR248C,63
YCL059C,63
YCR084C,63
YDL089W,63
YDL105W,63
YDR101C,63
YDR132C,63
YDR380W,63
YDR506C,63
YDR508C,63
YER051W,63
YER127W,63
YGL048C,63
YGL090W,63
YGR199W,63
YHR011W,63
YHR070W,63
YHR135C,63
YIL097W,63
YJL008C,63
YJR016C,63
YKL125W,63
YKR017C,63
YKR072C,63
YLL012W,63
YLR324W,63
YLR387C,63
YNL251C,63
YNR019W,63
YOL152W,63
YOR259C,63
YNL077W,63
YOR273C,63
YPR119W,63
YML027W,63
YPR152C,63
YNL239W,63
YKL034W,63
YPL101W,63
YMR119W,63
YMR269W,63
YAL053W,62
YAL067C,62
YBR003W,62
YBR155W,62
YBR170C,62
YBR222C,62
YBR239C,62
YBR247C,62
YCL027W,62
YCR048W,62
YDL027C,62
YDR244W,62
YEL015W,62
YER068W,62
YGL142C,62
YGR159C,62
YHL027W,62
YHR007C,62
YHR016C,62
YHR039C,62
YHR052W,62
YIL140W,62
YKL023W,62
YKL090W,62
YLL002W,62
YLR005W,62
YLR108C,62
YLR345W,62
YLR347C,62
YNL018C,62
YNL062C,62
YOL123W,62
YPL097W,62
YPL127C,62
YPL259C,62
YMR018W,62
YOR123C,62
YMR250W,62
YPL255W,62
YPR088C,62
YKL099C,62
YGL143C,62
YAL038W,61
YAR018C,61
YBR267W,61
YDL066W,61
YDL093W,61
YDL147W,61
YDL199C,61
YDR254W,61
YDR371W,61
YDR425W,61
YDR448W,61
YDR524C,61
YER073W,61
YFR001W,61
YFR028C,61
YGL178W,61
YGL179C,61
YGR088W,61
YGR108W,61
YGR141W,61
YHR109W,61
YHR169W,61
YIL085C,61
YIR008C,61
YJL093C,61
YJL106W,61
YKL035W,61
YKL075C,61
YKR062W,61
YLR082C,61
YNL125C,61
YNL284C,61
YOR128C,61
YOR264W,61
YHR004C,61
YGR221C,61
YNL169C,61
YPR162C,61
YPL007C,61
YPL120W,61
YOR381W,61
YIR031C,61
YPL265W,61
YNR054C,61
YHL029C,61
YML068W,61
YPR181C,61
YPL089C,61
YOR138C,61
YNL181W,61
YOR118W,61
YJR122W,61
YAL034C,60
YBL015W,60
YBR083W,60
YBR112C,60
YBR270C,60
YDR255C,60
YDR306C,60
YDR307W,60
YDR364C,60
YFL022C,60
YFR024C-A,60
YGL055W,60
YGL190C,60
YHR097C,60
YIL001W,60
YIL037C,60
YIL055C,60
YIL063C,60
YJL111W,60
YJR103W,60
YKL021C,60
YKL109W,60
YKL116C,60
YKR081C,60
YLR090W,60
YLR144C,60
YLR227C,60
YLR267W,60
YML070W,60
YML074C,60
YML126C,60
YMR294W,60
YNL029C,60
YNL064C,60
YNR001C,60
YOL016C,60
YPL161C,60
YMR300C,60
YDL206W,60
YJL016W,60
YOL097C,60
YDR522C,60
YMR005W,60
YLR361C,60
YPL091W,60
YPR148C,60
YMR029C,60
YJR051W,60
YOR377W,60
YPR083W,60
YOR389W,60
YNL034W,60
YOR338W,60
YBR127C,59
YCR053W,59
YDL017W,59
YDL178W,59
YDR439W,59
YDR463W,59
YDR479C,59
YDR527W,59
YER021W,59
YER078C,59
YGL017W,59
YGL060W,59
YGR223C,59
YHR003C,59
YHR107C,59
YHR108W,59
YIL096C,59
YIL166C,59
YJL023C,59
YKL025C,59
YKL042W,59
YKL059C,59
YKL068W,59
YKR005C,59
YLR449W,59
YLR455W,59
YNL138W,59
YNL292W,59
YOL043C,59
YOL055C,59
YOR057W,59
YOR260W,59
YLR206W,59
YOR231W,59
YKL077W,59
YGR216C,59
YPR121W,59
YPL122C,59
YFL053W,59
YJL114W,59
YOR067C,59
YPL202C,59
YMR210W,59
YPL100W,59
YAL016W,58
YAL032C,58
YBL091C,58
YBR065C,58
YBR280C,58
YCL017C,58
YCL029C,58
YDL003W,58
YDR021W,58
YDR169C,58
YDR190C,58
YDR218C,58
YDR370C,58
YDR488C,58
YDR515W,58
YEL041W,58
YER052C,58
YGL059W,58
YGL105W,58
YGL122C,58
YGL130W,58
YGR041W,58
YGR168C,58
YHR001W,58
YHR045W,58
YHR149C,58
YHR170W,58
YIL035C,58
YIL079C,58
YJL181W,58
YLL043W,58
YLR359W,58
YML115C,58
YMR092C,58
YNL002C,58
YPR120C,58
YPL169C,58
YJR054W,58
YPL133C,58
YOR266W,58
YMR110C,58
YNR012W,58
YPR173C,58
YPR045C,58
YOL124C,58
YBL086C,57
YBR025C,57
YBR119W,57
YBR274W,57
YBR298C,57
YCR024C,57
YCR054C,57
YDL063C,57
YDR012W,57
YDR036C,57
YDR337W,57
YDR423C,57
YEL058W,57
YEL071W,57
YER038C,57
YER126C,57
YFR053C,57
YGL084C,57
YGL158W,57
YGR166W,57
YHR216W,57
YJL081C,57
YJL153C,57
YKL140W,57
YLR423C,57
YMR193W,57
YNL071W,57
YNL173C,57
YNL207W,57
YOR042W,57
YOR117W,57
YOR355W,57
YPL128C,57
YPL258C,57
YOL062C,57
YPR025C,57
YPL048W,57
YOL093W,57
YGL125W,57
YGR169C,57
YNL220W,57
YOR092W,57
YNL065W,57
YNL119W,57
YAL040C,56
YBR177C,56
YBR205W,56
YBR240C,56
YCR016W,56
YDL084W,56
YDL097C,56
YDL167C,56
YDR009W,56
YDR317W,56
YDR394W,56
YDR460W,56
YDR516C,56
YEL070W,56
YER106W,56
YGL038C,56
YGR244C,56
YGR256W,56
YIL103W,56
YIL104C,56
YIL120W,56
YJL044C,56
YKL028W,56
YKL054C,56
YKL081W,56
YKL095W,56
YKL103C,56
YKL146W,56
YLR196W,56
YLR225C,56
YLR226W,56
YLR453C,56
YML023C,56
YMR133W,56
YMR293C,56
YNL001W,56
YNL189W,56
YOR272W,56
YOR374W,56
YOR380W,56
YPL066W,56
YPL138C,56
YMR091C,56
YPR144C,56
YPL118W,56
YPL145C,56
YOR309C,56
YPR036W,56
YPL090C,56
YPL060W,56
YGR177C,56
YBL020W,55
YBL042C,55
YBR130C,55
YBR263W,55
YBR272C,55
YCL063W,55
YCR012W,55
YDL020C,55
YDL091C,55
YDL213C,55
YDL216C,55
YDR107C,55
YDR111C,55
YDR392W,55
YDR412W,55
YER090W,55
YER124C,55
YER149C,55
YFL052W,55
YGL035C,55
YGL212W,55
YGR004W,55
YGR175C,55
YGR211W,55
YHR040W,55
YHR064C,55
YHR088W,55
YHR113W,55
YHR137W,55
YIL033C,55
YIL061C,55
YJL123C,55
YLL036C,55
YLR343W,55
YML056C,55
YMR020W,55
YMR180C,55
YMR317W,55
YNL128W,55
YNR069C,55
YOR114W,55
YOR181W,55
YPL151C,55
YPL235W,55
YPL237W,55
YOR158W,55
YER101C,55
YPR023C,55
YNL166C,55
YOR242C,55
YLL046C,55
YMR039C,55
YOR059C,55
YOL080C,55
YKL217W,55
YBL013W,54
YBR020W,54
YBR110W,54
YBR141C,54
YBR143C,54
YCL040W,54
YDL001W,54
YDL133W,54
YDR165W,54
YDR175C,54
YDR277C,54
YDR289C,54
YDR322W,54
YDR528W,54
YEL020C,54
YER096W,54
YER136W,54
YFL048C,54
YGL075C,54
YGL097W,54
YGL114W,54
YGL246C,54
YGL253W,54
YGR046W,54
YGR165W,54
YGR210C,54
YHR183W,54
YIL084C,54
YJL069C,54
YJL203W,54
YJR010W,54
YJR121W,54
YKL011C,54
YLR058C,54
YLR105C,54
YLR203C,54
YLR355C,54
YLR432W,54
YML062C,54
YMR068W,54
YNL215W,54
YNL279W,54
YOR043W,54
YOR047C,54
YOR051C,54
YPL061W,54
YMR270C,54
YPR070W,54
YPL254W,54
YOR372C,54
YDR242W,54
YPR108W,54
YNL040W,54
YNL196C,54
YOR323C,54
YOR279C,54
YJL125C,54
YNL231C,54
YMR209C,54
YKL149C,54
YPR157W,54
YAL015C,53
YBL031W,53
YBR069C,53
YBR152W,53
YBR212W,53
YDL014W,53
YDL080C,53
YDL131W,53
YDL146W,53
YDL160C,53
YDL161W,53
YDL175C,53
YDL189W,53
YDR046C,53
YDR082W,53
YDR256C,53
YEL013W,53
YEL036C,53
YFR039C,53
YFR051C,53
YGL112C,53
YGL175C,53
YGL202W,53
YGR173W,53
YGR193C,53
YGR255C,53
YGR295C,53
YHL047C,53
YHR206W,53
YJR032W,53
YJR080C,53
YLR003C,53
YLR141W,53
YLR174W,53
YMR097C,53
YMR319C,53
YNL095C,53
YNL199C,53
YOL018C,53
YOR201C,53
YOR288C,53
YPL112C,53
YPR041W,53
YNL206C,53
YCL073C,53
YPL215W,53
YPL157W,53
YOR245C,53
YKR106W,53
YDR223W,53
YOL058W,53
YOR370C,53
YOR209C,53
YOR004W,53
YPL272C,53
YPL064C,53
YPR143W,53
YIL121W,53
YAL025C,52
YBR006W,52
YBR063C,52
YBR068C,52
YBR132C,52
YBR288C,52
YCL044C,52
YCR095C,52
YDR004W,52
YDR247W,52
YDR268W,52
YER002W,52
YER019W,52
YGL184C,52
YGL185C,52
YGR109C,52
YGR185C,52
YGR289C,52
YHL002W,52
YHL021C,52
YHR018C,52
YHR085W,52
YHR188C,52
YJL107C,52
YJL172W,52
YJR001W,52
YJR006W,52
YJR131W,52
YJR152W,52
YKL106W,52
YKL114C,52
YKL211C,52
YKR022C,52
YLR134W,52
YLR150W,52
YLR163C,52
YLR216C,52
YML060W,52
YNL053W,52
YNL078W,52
YNL182C,52
YNL317W,52
YOR037W,52
YOR155C,52
YPL049C,52
YPR086W,52
YOR269W,52
YPL001W,52
YDR330W,52
YHL014C,52
YKR039W,52
YER003C,52
YPL018W,52
YGR143W,52
YDL238C,52
YML114C,52
YPR078C,52
YLR142W,52
YPL057C,52
YLR323C,52
YLR173W,52
YPL053C,52
YGL065C,52
YPR085C,52
YOL103W,52
YPL277C,52
YNL193W,52
YOR360C,52
YOL140W,52
YMR067C,52
YML107C,52
YBL027W,51
YBR220C,51
YCL025C,51
YCR023C,51
YCR079W,51
YDL051W,51
YDL129W,51
YDL183C,51
YDL204W,51
YDL209C,51
YDR076W,51
YDR130C,51
YDR205W,51
YDR245W,51
YDR309C,51
YDR381W,51
YEL063C,51
YER028C,51
YER178W,51
YFR044C,51
YGR087C,51
YGR197C,51
YGR254W,51
YHL020C,51
YHL022C,51
YHL048W,51
YHR096C,51
YHR201C,51
YIL131C,51
YJL058C,51
YJR062C,51
YJR076C,51
YLR083C,51
YLR097C,51
YML048W,51
YMR065W,51
YNL152W,51
YNL253W,51
YOL069W,51
YOR187W,51
YPR178W,51
YMR101C,51
YMR234W,51
YNL264C,51
YEL065W,51
YJR106W,51
YOR313C,51
YPL095C,51
YNR026C,51
YMR211W,51
YPL172C,51
YNR029C,51
YMR204C,51
YNL050C,51
YMR177W,51
YBR021W,50
YBR042C,50
YBR095C,50
YBR146W,50
YBR161W,50
YBR192W,50
YBR196C,50
YBR286W,50
YCL037C,50
YCL052C,50
YCR005C,50
YCR098C,50
YDL138W,50
YDL224C,50
YDR018C,50
YDR300C,50
YDR318W,50
YEL016C,50
YEL042W,50
YER142C,50
YGL043W,50
YGL170C,50
YGL174W,50
YGR111W,50
YGR113W,50
YGR154C,50
YGR191W,50
YGR229C,50
YHR009C,50
YHR034C,50
YHR078W,50
YHR156C,50
YHR161C,50
YHR177W,50
YJL026W,50
YKL047W,50
YKL219W,50
YKR061W,50
YLR044C,50
YLR049C,50
YLR051C,50
YLR055C,50
YLR328W,50
YLR418C,50
YML037C,50
YMR024W,50
YMR033W,50
YMR214W,50
YNL261W,50
YNL265C,50
YNR015W,50
YPL003W,50
YKR011C,50
YGR077C,50
YNL234W,50
YBR257W,50
YPL262W,50
YPL096W,50
YEL047C,50
YLR152C,50
YKL195W,50
YMR028W,50
YOR134W,50
YPR084W,50
YJL139C,50
YOL022C,50
YLR068W,50
YPL219W,50
YIR021W,50
YPL214C,50
YAL010C,49
YAL036C,49
YBL046W,49
YBR076W,49
YBR128C,49
YBR168W,49
YBR180W,49
YBR182C,49
YBR228W,49
YBR251W,49
YCL016C,49
YCR052W,49
YCR068W,49
YDL106C,49
YDL248W,49
YDR113C,49
YDR143C,49
YDR198C,49
YDR229W,49
YDR265W,49
YDR427W,49
YDR483W,49
YDR536W,49
YFL062W,49
YFL066C,49
YGL085W,49
YGL169W,49
YGL208W,49
YGR117C,49
YGR260W,49
YHR090C,49
YHR111W,49
YHR174W,49
YHR203C,49
YJL031C,49
YJL062W,49
YKL181W,49
YKL189W,49
YLR009W,49
YLR271W,49
YLR287C,49
YLR288C,49
YLR298C,49
YLR441C,49
YMR131C,49
YMR135C,49
YNL116W,49
YNR039C,49
YNR050C,49
YOL011W,49
YOL044W,49
YOR368W,49
YHL016C,49
YOL020W,49
YOR176W,49
YNL275W,49
YLR210W,49
YOR315W,49
YPR034W,49
YOR348C,49
YDR051C,49
YPL113C,49
YNL213C,49
YGL186C,49
YPR001W,49
YMR171C,49
YLR213C,49
YNL051W,49
YAL013W,48
YBL032W,48
YBL058W,48
YBR050C,48
YBR214W,48
YBR231C,48
YCR045C,48
YDL088C,48
YDL104C,48
YDL115C,48
YDL193W,48
YDR388W,48
YDR498C,48
YDR532C,48
YEL069C,48
YFL011W,48
YGL138C,48
YGL153W,48
YGR084C,48
YGR149W,48
YGR241C,48
YGR283C,48
YHL004W,48
YHL033C,48
YHR179W,48
YIR028W,48
YIR034C,48
YJL060W,48
YJL164C,48
YJR060W,48
YKL008C,48
YKR037C,48
YMR223W,48
YNL042W,48
YOL054W,48
YPR156C,48
YMR296C,48
YML021C,48
YMR251W,48
YMR187C,48
YLR099C,48
YKR044W,48
YOL031C,48
YPL193W,48
YPL159C,48
YNR072W,48
YMR030W,48
YOL013C,48
YPL107W,48
YNL336W,48
R0020C,47
YAL034W-A,47
YAL062W,47
YBR126C,47
YBR129C,47
YCL048W,47
YCR094W,47
YDL201W,47
YDL245C,47
YDR259C,47
YDR446W,47
YER045C,47
YFL021W,47
YGR187C,47
YHR024C,47
YHR030C,47
YHR092C,47
YHR190W,47
YIL077C,47
YIR025W,47
YIR026C,47
YJL053W,47
YJL163C,47
YJL183W,47
YJR021C,47
YJR068W,47
YJR075W,47
YKR071C,47
YKR093W,47
YLR239C,47
YLR403W,47
YML008C,47
YMR021C,47
YMR026C,47
YNL084C,47
YNL307C,47
YNL309W,47
YOL059W,47
YOR190W,47
YOR388C,47
YPR191W,47
YOL122C,47
YNL124W,47
YOR375C,47
YPL266W,47
YHR002W,47
YPL274W,47
YJR161C,47
YNR067C,47
YKR060W,47
YPL175W,47
YJR158W,47
YPR057W,47
YPL188W,47
YGR138C,47
YJR149W,47
YOR099W,47
YAL058W,46
YBL038W,46
YBL045C,46
YBL103C,46
YBR166C,46
YBR199W,46
YBR302C,46
YDL029W,46
YDL082W,46
YDL090C,46
YDL099W,46
YDL127W,46
YDR068W,46
YDR273W,46
YDR342C,46
YDR343C,46
YDR432W,46
YER020W,46
YFL040W,46
YFR021W,46
YGL148W,46
YGL183C,46
YGR028W,46
YGR119C,46
YGR129W,46
YGR148C,46
YHR038W,46
YHR068W,46
YJL167W,46
YKL080W,46
YLL006W,46
YLR004C,46
YLR354C,46
YML041C,46
YML102W,46
YML105C,46
YMR127C,46
YMR199W,46
YNL110C,46
YNL277W,46
YNL290W,46
YNL304W,46
YNL323W,46
YOL061W,46
YOR061W,46
YOR110W,46
YOR229W,46
YPR054W,46
YPR079W,46
YLR088W,46
YPR159W,46
YIL160C,46
YPR040W,46
YMR142C,46
YPL088W,46
YAL061W,45
YBR087W,45
YBR103W,45
YBR233W,45
YCL031C,45
YCR028C,45
YCR035C,45
YDL139C,45
YDL155W,45
YDR087C,45
YDR214W,45
YDR329C,45
YDR372C,45
YDR502C,45
YEL002C,45
YER029C,45
YER059W,45
YER089C,45
YER156C,45
YER186C,45
YFR027W,45
YGR031W,45
YGR048W,45
YGR227W,45
YHL003C,45
YHL034C,45
YHR048W,45
YHR075C,45
YHR208W,45
YIL018W,45
YIL094C,45
YKR059W; YJL138C,45
YJL214W,45
YJL219W,45
YJR125C,45
YKL166C,45
YKL178C,45
YKR100C,45
YLL010C,45
YLL027W,45
YLL061W,45
YLR081W,45
YLR121C,45
YLR151C,45
YLR192C,45
YLR265C,45
YML123C,45
YMR233W,45
YNL155W,45
YNL197C,45
YOL010W,45
YOL077C,45
YOL083W,45
YOL156W,45
YOR075W,45
YOR261C,45
YPL050C,45
YPL227C,45
YOL028C,45
YPL027W,45
YOL019W,45
YFL058W,45
YNL180C,45
YML119W,45
YNL075W,45
YHR032W,45
YOR006C,45
YLR085C,45
YMR188C,45
YKR058W,45
YLR257W,45
YGR251W,45
YNL219C,45
YMR152W,45
YKL191W,45
YNL165W,45
YLR316C,45
YPR068C,45
YAR073W,44
YBL072C,44
YBR024W,44
YBR204C,44
YBR271W,44
YCR107W,44
YDL168W,44
YDR116C,44
YDR173C,44
YDR347W,44
YDR405W,44
YDR480W,44
YER043C,44
YER154W,44
YGL134W,44
YGR042W,44
YGR053C,44
YGR058W,44
YGR122W,44
YGR222W,44
YGR224W,44
YHR198C,44
YIL042C,44
YJR065C,44
YJR072C,44
YJR141W,44
YLL022C,44
YLL033W,44
YML124C,44
YNL037C,44
YNL097C,44
YNL252C,44
YNL330C,44
YNL331C,44
YOL128C,44
YOR074C,44
YPL124W,44
YPL131W,44
YPL139C,44
YOR307C,44
YOR250C,44
YNL315C,44
YDR249C,44
YPL256C,44
YGL063W,44
YGL162W,44
YMR289W,44
YPR056W,44
YMR316W,44
YOL052C,44
YOL042W,44
YOR032C,44
YMR011W,44
YHR036W,44
YGR231C,44
YNL063W,44
YLR283W,44
YLR075W,44
YNL327W,44
YAL059W,43
YBL016W,43
YBL051C,43
YBR029C,43
YBR139W,43
YBR159W,43
YDL024C,43
YDL087C,43
YDL226C,43
YDR005C,43
YDR171W,43
YDR346C,43
YDR374C,43
YDR429C,43
YDR497C,43
YER143W,43
YER152C,43
YFL041W,43
YGL181W,43
YGR081C,43
YHL049C,43
YHR127W,43
YIL074C,43
YIL154C,43
YJL048C,43
YJL091C,43
YJL180C,43
YJL208C,43
YJR007W,43
YJR050W,43
YJR083C,43
YJR136C,43
YJR144W,43
YKL161C,43
YKR038C,43
YKR070W,43
YLR079W,43
YLR291C,43
YLR321C,43
YLR439W,43
YML015C,43
YML085C,43
YMR088C,43
YMR323W,43
YNL191W,43
YOL132W,43
YOR084W,43
YPL094C,43
YIR018W,43
YPL068C,43
YJL145W,43
YMR083W,43
YPR035W,43
YNR030W,43
YNR058W,43
YKL039W,43
YMR013C,43
YOR145C,43
YLR063W,43
YNL280C,43
YNR074C,43
YJL134W,43
YNL011C,43
YOR184W,43
YNL134C,43
YNR075W,43
YNR034W,43
YAL042W,42
YBL030C,42
YBR018C,42
YBR039W,42
YBR160W,42
YCL034W,42
YCL043C,42
YCR047C,42
YDL173W,42
YDL233W,42
YDR072C,42
YDR158W,42
YDR174W,42
YDR279W,42
YDR387C,42
YER061C,42
YER175C,42
YFL029C,42
YGL012W,42
YGL029W,42
YGL194C,42
YGR026W,42
YGR033C,42
YGR040W,42
YGR079W,42
YGR161C,42
YGR180C,42
YGR220C,42
YGR263C,42
YHR014W,42
YHR033W,42
YHR076W,42
YHR129C,42
YHR199C,42
YIL119C,42
YJL006C,42
YJL137C,42
YJR117W,42
YKL193C,42
YKR048C,42
YLR027C,42
YLR180W,42
YLR191W,42
YLR393W,42
YML014W,42
YMR228W,42
YNL217W,42
YNR068C,42
YOL094C,42
YOR173W,42
YOR230W,42
YPR129W,42
YNL035C,42
YDL078C,42
YFR007W,42
YMR144W,42
YMR155W,42
YFR046C,42
YPL132W,42
YJR095W,42
YOR078W,42
YNL286W,42
YNR024W,42
YGR257C,42
YLR460C,42
YOL151W,42
YKR006C,42
YML131W,42
YPL191C,42
YOL072W,42
YOR003W,42
YNL133C,42
YMR157C,42
YOR393W,42
YAL009W,41
YAR071W,41
YBL033C,41
YBL056W,41
YBR085W,41
YBR125C,41
YCL064C,41
YCR009C,41
YCR015C,41
YDL002C,41
YDL144C,41
YDL198C,41
YDR002W,41
YDR170W-A,41
YDR237W,41
YDR345C,41
YEL064C,41
YFL055W,41
YGL263W,41
YGR010W,41
YGR052W,41
YGR234W,41
YHL009C,41
YHL011C,41
YHL036W,41
YHR063C,41
YHR094C,41
YHR115C,41
YHR132C,41
YHR144C,41
YHR195W,41
YIL039W,41
YJL117W,41
YJR015W,41
YKL049C,41
YKL098W,41
YKL174C,41
YKL214C,41
YKR051W,41
YLL028W,41
YLR026C,41
YLR378C,41
YMR048W,41
YMR139W,41
YMR235C,41
YMR315W,41
YNL007C,41
YOL082W,41
YPL203W,41
YPR110C,41
YPL152W,41
YNR041C,41
YMR310C,41
YPL028W,41
YNR035C,41
YOR192C,41
YPL224C,41
YNR043W,41
YNL318C,41
YDR151C,41
YLR231C,41
YPL055C,41
YOL065C,41
YPR180W,41
YIL135C,41
YJR148W,41
YNL301C,41
YOR222W,41
YIL082W,41
YMR008C,41
YOR107W,41
YPL171C,41
YOR295W,41
YPL247C,41
YMR318C,41
YBL029W,40
YBL100W-A,40
YBR008C,40
YBR037C,40
YBR054W,40
YBR061C,40
YBR185C,40
YBR211C,40
YBR249C,40
YBR296C,40
YCL020W,40
YCL032W,40
YCL038C,40
YCL055W,40
YCR061W,40
YCR105W,40
YDL052C,40
YDL055C,40
YDL230W,40
YDL237W,40
YDR044W,40
YDR261W-A,40
YDR414C,40
YEL051W,40
YER037W,40
YGL004C,40
YGL050W,40
YGL081W,40
YGL223C,40
YGR055W,40
YGR086C,40
YGR152C,40
YGR207C,40
YGR249W,40
YHR215W,40
YIL071C,40
YIR024C,40
YJR014W,40
YJR139C,40
YKR066C,40
YKR080W,40
YLR246W,40
YML025C,40
YMR267W,40
YNL187W,40
YPL026C,40
YNL223W,40
YKR105C,40
YNR055C,40
YLR137W,40
YLR237W,40
YMR297W,40
YLR270W,40
YPL121C,40
YOR028C,40
YPR065W,40
YPL201C,40
YOR385W,40
YOR071C,40
YNR028W,40
YPR004C,40
YKR087C,40
YOL056W,40
YNL072W,40
YPL134C,40
YAL060W,39
YBR004C,39
YBR149W,39
YBR207W,39
YBR213W,39
YCL018W,39
YDL210W,39
YDL243C,39
YDR435C,39
YDR459C,39
YDR465C,39
YEL046C,39
YEL057C,39
YER145C,39
YER159C-A,39
YER179W,39
YGL104C,39
YHR062C,39
YHR081W,39
YHR089C,39
YHR112C,39
YHR151C,39
YIL124W,39
YIL162W,39
YJL052W,39
YJR028W,39
YJR100C,39
YKL085W,39
YKL107W,39
YKR077W,39
YLL038C,39
YLR119W,39
YLR136C,39
YLR181C,39
YLR303W,39
YLR412W,39
YLR438W,39
YML051W,39
YMR056C,39
YMR215W,39
YMR241W,39
YMR307W,39
YNL092W,39
YOL003C,39
YOL064C,39
YOR232W,39
YOR252W,39
YPL011C,39
YOR062C,39
YNL204C,39
YNR066C,39
YNR048W,39
YLR100W,39
YHR134W,39
YOR060C,39
YOR359W,39
YOL104C,39
YLR420W,39
YPL177C,39
YNL164C,39
YOL088C,39
YOR142W-A,39
YLR256W-A,39
YPR137C-A,39
YLR290C,39
YPR118W,39
YAL022C,38
YAR031W,38
YBL010C,38
YBL082C,38
YBR034C,38
YBR066C,38
YBR157C,38
YBR221C,38
YBR234C,38
YCR002C,38
YDR184C,38
YDR202C,38
YDR253C,38
YEL018W,38
YER107C,38
YER133W,38
YFL030W,38
YFR034C,38
YGL155W,38
YGL213C,38
YHR050W,38
YIR001C,38
YIR017C,38
YIR027C,38
YJR159W,38
YKL009W,38
YKL150W,38
YLR113W,38
YLR215C,38
YLR281C,38
YML121W,38
YMR255W,38
YNL074C,38
YNR040W,38
YOL001W,38
YOR083W,38
YOR136W,38
YOR212W,38
YOR294W,38
YPL004C,38
YMR253C,38
YOR120W,38
YNL141W,38
YOR281C,38
YMR079W,38
YJL146W,38
YLR413W,38
YOL116W,38
YFL002W-B,38
YJL193W,38
YPR005C,38
YGL039W,38
YML110C,38
YNL245C,38
YNL178W,38
YOR053W,38
YNR009W,38
YAR008W,37
YBL050W,37
YBL090W,37
YBR035C,37
YBR093C,37
YBR243C,37
YBR291C,37
YCR003W,37
YCR039C,37
YDL015C,37
YDL043C,37
YDL065C,37
YDL202W,37
YDL246C,37
YDR142C,37
YDR296W,37
YDR361C,37
YDR541C,37
YER063W,37
YER095W,37
YER148W,37
YGL001C,37
YGL100W,37
YGL157W,37
YGR080W,37
YGR192C,37
YHL025W,37
YHR061C,37
YHR067W,37
YIL010W,37
YIL122W,37
YIL169C,37
YJL088W,37
YJR009C,37
YJR056C,37
YKL060C,37
YKL122C,37
YKL208W,37
YKR034W,37
YKR092C,37
YLR070C,37
YLR224W,37
YMR025W,37
YOR007C,37
YOR101W,37
YOR161C,37
YOR332W,37
YPR106W,37
YFL028C,37
YJL063C,37
YOR174W,37
YNR071C,37
YNL306W,37
YMR132C,37
YPL220W,37
YIL041W,37
YOR303W,37
YOR143C,37
YJL213W,37
YLR205C,37
YNL140C,37
YAL027W,36
YAR003W,36
YBL036C,36
YBL064C,36
YBR105C,36
YBR293W,36
YCL069W,36
YDL108W,36
YDL114W,36
YDL119C,36
YDL124W,36
YDL180W,36
YDR106W,36
YDR297W,36
YDR331W,36
YDR339C,36
YDR349C,36
YDR368W,36
YDR415C,36
YEL009C,36
YEL021W,36
YER016W,36
YER055C,36
YER081W,36
YER180C,36
YFL039C,36
YFR004W,36
YGL040C,36
YGL061C,36
YGL077C,36
YGL115W,36
YGL126W,36
YGL237C,36
YGL254W,36
YGR076C,36
YGR208W,36
YHR069C,36
YHR106W,36
YHR167W,36
YIL153W,36
YJR019C,36
YJR113C,36
YJR154W,36
YKL093W,36
YKL119C,36
YKL152C,36
YKL180W,36
YLR030W,36
YLR426W,36
YML112W,36
YMR058W,36
YMR146C,36
YMR173W,36
YNL032W,36
YNL246W,36
YNL289W,36
YOR036W,36
YOR064C,36
YOR215C,36
YOR271C,36
YLR145W,36
YKR085C,36
YOR100C,36
YLR348C,36
YLL041C,36
YGR235C,36
YNL202W,36
YKL043W,36
YPR174C,36
YMR206W,36
YPL156C,36
YGR062C,36
YOR026W,36
YPL232W,36
YKR053C,36
YNL326C,36
YMR299C,36
YMR069W,36
YPL241C,36
YLR448W,36
YJL118W,36
YOL136C,36
YNL038W,36
YNL190W,36
YAL012W,35
YBL068W,35
YBL074C,35
YBR011C,35
YBR057C,35
YBR195C,35
YBR242W,35
YBR246W,35
YBR283C,35
YCL010C,35
YCR036W,35
YDL005C,35
YDL022W,35
YDL069C,35
YDL179W,35
YDR144C,35
YDR456W,35
YGL057C,35
YGL256W,35
YGR021W,35
YGR239C,35
YGR262C,35
YHL017W,35
YHR148W,35
YHR209W,35
YIL110W,35
YIR011C,35
YKL110C,35
YKL175W,35
YKL218C,35
YLR018C,35
YLR102C,35
YLR186W,35
YML067C,35
YMR041C,35
YMR072W,35
YMR096W,35
YNL098C,35
YNL129W,35
YNL232W,35
YOL038W,35
YOR106W,35
YOR312C,35
YPL031C,35
YPL014W,35
YPR128C,35
YPR093C,35
YLR443W,35
YPL267W,35
YIL134W,35
YDR288W,35
YDR478W,35
YMR221C,35
YLL056C,35
YOR305W,35
YNR056C,35
YMR010W,35
YPL244C,35
YOR142W,35
YOR289W,35
YOR065W,35
YOR352W,35
YLR017W,35
YOR148C,35
YOR251C,35
YBR053C,34
YBR122C,34
YBR154C,34
YBR265W,34
YDL098C,34
YDL236W,34
YDR055W,34
YDR067C,34
YDR152W,34
YDR353W,34
YEL004W,34
YEL006W,34
YER053C,34
YFL037W,34
YGL096W,34
YGL117W,34
YGR017W,34
YGR156W,34
YHR083W,34
YIL020C,34
YIL093C,34
YIR042C,34
YJL002C,34
YJR070C,34
YKL120W,34
YKL216W,34
YLR056W,34
YLR212C,34
YLR221C,34
YLR284C,34
YLR300W,34
YLR326W,34
YLR351C,34
YLR446W,34
YMR052W,34
YMR117C,34
YMR178W,34
YNL314W,34
YNR003C,34
YNR007C,34
YPR107C,34
YGR132C,34
YKR075C,34
YMR279C,34
YOL030W,34
YNL176C,34
YPR132W,34
YLR242C,34
YOR040W,34
YJR124C,34
YIL006W,34
YPR075C,34
YFR055W,34
YPL024W,34
YPR011C,34
YOR246C,34
YMR183C,34
YJR008W,34
YOR221C,34
YBL089W,33
YBR010W; YNL031C,33
YBR101C,33
YBR176W,33
YBR197C,33
YCR046C,33
YCR063W,33
YCR087C-A,33
YDL100C,33
YDL191W,33
YDL208W,33
YDR280W,33
YDR530C,33
YER153C,33
YFL026W,33
YFL059W,33
YFR045W,33
YGR085C,33
YGR101W,33
YGR121C,33
YGR167W,33
YGR195W,33
YHR071W,33
YHR086W,33
YKL002W,33
YKL221W,33
YLL023C,33
YLL062C,33
YLR034C,33
YLR211C,33
YLR377C,33
YML038C,33
YMR077C,33
YMR134W,33
YMR311C,33
YNL058C,33
YNL096C,33
YNL333W,33
YOR039W,33
YOR164C,33
YOR284W,33
YNL237W,33
YNL079C,33
YPR058W,33
YNR027W,33
YER182W,33
YPL077C,33
YPL092W,33
YOR258W,33
YKL055C,33
YLR167W,33
YNL316C,33
YOL107W,33
YPL052W,33
YLR462W,33
YNR018W,33
YPR102C,33
YBL095W,32
YBR120C,32
YDL076C,32
YDL186W,32
YDL188C,32
YDR043C,32
YDR196C,32
YDR267C,32
YDR313C,32
YDR315C,32
YDR321W,32
YDR517W,32
YEL005C,32
YER062C,32
YER099C,32
YER128W,32
YFL045C,32
YGL146C,32
YGL221C,32
YGR126W,32
YGR267C,32
YHR147C,32
YHR211W,32
YIL016W,32
YIL053W,32
YIL145C,32
YJL066C,32
YJL122W,32
YJL185C,32
YJR094C,32
YKL001C,32
YKL142W,32
YKL154W,32
YKR025W,32
YLR031W,32
YLR059C,32
YML125C,32
YMR003W,32
YMR055C,32
YMR226C,32
YMR303C,32
YNR032W,32
YOL086C,32
YOR340C,32
YPL078C,32
YPL213W,32
YPR198W,32
YLR120C,32
YOL102C,32
YKR046C,32
YPL236C,32
YKR043C,32
YMR156C,32
YPR176C,32
YFR032C,32
YNL210W,32
YIL044C,32
YIL052C,32
YJL178C,32
YOL002C,32
YLR312W-A,32
YOR262W,32
YJR123W,32
YKL138C,32
YOR344C,32
YOR095C,32
YOR096W,32
YOR130C,32
YPL196W,32
YOR283W,32
YBR145W,31
YBR171W,31
YCL009C,31
YCL050C,31
YCR034W,31
YCR044C,31
YDL054C,31
YDL135C,31
YDR075W,31
YDR183W,31
YDR233C,31
YDR489W,31
YEL017W,31
YEL056W,31
YER116C,31
YER131W,31
YER170W,31
YGL147C,31
YGL189C,31
YGR102C,31
YGR135W,31
YGR153W,31
YHR152W,31
YIL098C,31
YIL114C,31
YJL140W,31
YJL196C,31
YJR135C,31
YKL019W,31
YKL087C,31
YKR026C,31
YKR055W,31
YKR091W,31
YLR007W,31
YLR019W,31
YLR172C,31
YLR201C,31
YLR262C,31
YNL025C,31
YNL159C,31
YNL194C,31
YNL288W,31
YOL147C,31
YOR197W,31
YPR201W,31
YPL149W,31
YOL126C,31
YGR201C,31
YPR138C,31
YPR124W,31
YKL040C,31
YNL100W,31
YDR400W,31
YLR376C,31
YOR298C-A,31
YNR049C,31
YNL024C,31
YKL063C,31
YPR134W,31
YPR069C,31
YLL060C,31
YLR132C,31
YPR114W,31
YML030W,31
YBL059W,30
YBL092W,30
YBL107C,30
YBR070C,30
YBR241C,30
YDL059C,30
YDR041W,30
YDR126W,30
YDR262W,30
YDR298C,30
YDR383C,30
YDR531W,30
YDR538W,30
YEL072W,30
YER100W,30
YER118C,30
YER119C,30
YFL034C-B,30
YFL044C,30
YFR047C,30
YGL098W,30
YGR024C,30
YGR034W,30
YGR205W,30
YGR277C,30
YHR022C,30
YHR025W,30
YHR046C,30
YHR121W,30
YIL117C,30
YJL035C,30
YJL068C,30
YKL007W,30
YKL024C,30
YLR025W,30
YLR052W,30
YLR128W,30
YLR168C,30
YML098W,30
YMR197C,30
YMR243C,30
YMR263W,30
YNL016W,30
YNL229C,30
YOR213C,30
YOR319W,30
YOR362C,30
YPL002C,30
YPL034W,30
YPL111W,30
YPR101W,30
YML116W,30
YPL154C,30
YOR367W,30
YLR065C,30
YGR006W,30
YER035W,30
YPL108W,30
YNL003C,30
YLR344W,30
YNL148C,30
YOL008W,30
YPR167C,30
YBR036C,29
YBR096W,29
YCL049C,29
YCL076W,29
YCR004C,29
YDL006W,29
YDL047W,29
YDL053C,29
YDL086W,29
YDR050C,29
YDR099W,29
YDR503C,29
YEL019C,29
YEL037C,29
YER004W,29
YER027C,29
YER030W,29
YER056C,29
YER060W-A,29
YER104W,29
YER139C,29
YFR018C,29
YFR052W,29
YGL005C,29
YGL011C,29
YGL025C,29
YGL166W,29
YGR029W,29
YGR066C,29
YGR163W,29
YGR189C,29
YGR284C,29
YHR043C,29
YHR049W,29
YHR160C,29
YIL132C,29
YIL152W,29
YIR016W,29
YIR036C,29
YJL072C,29
YJL078C,29
YJL096W,29
YJR011C,29
YJR017C,29
YJR057W,29
YJR105W,29
YKL016C,29
YLR078C,29
YLR209C,29
YLR363C,29
YLR372W,29
YMR116C,29
YMR184W,29
YMR203W,29
YNL320W,29
YNR052C,29
YOL111C,29
YOR194C,29
YOR236W,29
YLR363W-A,29
YOR150W,29
YDR231C,29
YOR104W,29
YOR115C,29
YML018C,29
YNL291C,29
YGL020C,29
YOR378W,29
YPR183W,29
YOL127W,29
YIL064W,29
YOL105C,29
YIL057C,29
YNR036C,29
YOL137W,29
YBL041W,28
YBR072W,28
YDL045C,28
YDL092W,28
YDL134C,28
YDR054C,28
YDR121W,28
YDR226W,28
YDR399W,28
YDR462W,28
YDR472W,28
YER079W,28
YER083C,28
YER177W,28
YGL019W,28
YGL068W,28
YGL128C,28
YGL172W,28
YGL222C,28
YGR057C,28
YHR012W,28
YHR044C,28
YHR105W,28
YIL021W,28
YIL157C,28
YIR038C,28
YJL124C,28
YJL192C,28
YJL210W,28
YKL018W,28
YKL065C,28
YLR064W,28
YLR146C,28
YLR208W,28
YLR220W,28
YLR340W,28
YML055W,28
YMR238W,28
YMR322C,28
YNL006W,28
YOL108C,28
YOR085W,28
YOR131C,28
YPL038W,28
YPL129W,28
YPR037C,28
YPR071W,28
YNL282W,28
YLR255C,28
YHL001W,28
YLR250W,28
YNL142W,28
YIL088C,28
YOR316C,28
YMR090W,28
YLR036C,28
YAR002C-A,27
YBR040W,27
YBR183W,27
YBR282W,27
YCL007C,27
YCL008C,27
YCR040W,27
YDL200C,27
YDR136C,27
YDR287W,27
YDR450W,27
YDR533C,27
YER115C,27
YGL051W,27
YGL091C,27
YGR014W,27
YGR144W,27
YGR215W,27
YHL026C,27
YHL031C,27
YHR059W,27
YHR110W,27
YHR128W,27
YIL148W,27
YJL059W,27
YKR014C,27
YKR088C,27
YLR016C,27
YLR204W,27
YLR447C,27
YML012W,27
YML064C,27
YML092C,27
YMR087W,27
YMR138W,27
YMR147W,27
YNL107W,27
YNL151C,27
YOL012C,27
YOL135C,27
YOR049C,27
YOR311C,27
YPL051W,27
YPL076W,27
YPL178W,27
YLR126C,27
YPR100W,27
YPR103W,27
YJR101W,27
YPL065W,27
YOR180C,27
YPR015C,27
YKL070W,27
YHR163W,27
YPL280W,27
YFL031W,27
YMR038C,27
YOR220W,27
YPL166W,27
YKR040C,27
YOL101C,27
YAL049C,26
YAL055W,26
YAR033W,26
YBR047W,26
YBR088C,26
YBR194W,26
YBR261C,26
YBR290W,26
YDL121C,26
YDR020C,26
YDR201W,26
YDR224C,26
YDR482C,26
YDR492W,26
YEL054C,26
YER137C,26
YFL005W,26
YFL060C,26
YFR003C,26
YFR008W,26
YGL018C,26
YGR060W,26
YGR078C,26
YGR253C,26
YHR060W,26
YHR133C,26
YHR187W,26
YIL032C,26
YIL139C,26
YIL158W,26
YJR077C,26
YJR093C,26
YKL130C,26
YLR268W,26
YLR293C,26
YLR411W,26
YML019W,26
YML095C,26
YMR159C,26
YMR295C,26
YMR314W,26
YNL334C,26
YOL139C,26
YPL249C-A,26
YOR125C,26
YPL192C,26
YPR165W,26
YOR185C,26
YPL233W,26
YDL211C,26
YOR111W,26
YDR454C,26
YIL138C,26
YNL122C,26
YOR390W,26
YAL014C,25
YBL002W,25
YBL093C,25
YBR162C,25
YBR278W,25
YCL033C,25
YCR027C,25
YCR071C,25
YCR100C,25
YDL049C,25
YDL218W,25
YDR013W,25
YDR042C,25
YDR105C,25
YDR123C,25
YDR275W,25
YDR305C,25
YDR512C,25
YER012W,25
YER018C,25
YFL038C,25
YFR011C,25
YFR050C,25
YGL037C,25
YGL044C,25
YGL210W,25
YGL215W,25
YGR016W,25
YGR120C,25
YGR174C,25
YHL044W,25
YHR013C,25
YIL050W,25
YIL106W,25
YIL113W,25
YIR035C,25
YJL055W,25
YJR024C,25
YJR055W,25
YJR133W,25
YKL196C,25
YKR020W,25
YLR074C,25
YLR251W,25
YLR254C,25
YLR261C,25
YMR149W,25
YMR271C,25
YBR009C; YNL030W,25
YNL090W,25
YNL093W,25
YOR358W,25
YPR067W,25
YLR130C,25
YHR189W,25
YER183C,25
YOL142W,25
YPL071C,25
YNL328C,25
YLR308W,25
YNL081C,25
YMR260C,25
YJR004C,25
YLR193C,25
YLR333C,25
YOR286W,25
YAL033W,24
YBR089C-A,24
YBR106W,24
YBR107C,24
YBR113W,24
YBR167C,24
YBR193C,24
YBR287W,24
YCR099C,24
YDL072C,24
YDL075W,24
YDR003W,24
YDR056C,24
YDR140W,24
YDR177W,24
YDR246W,24
YDR284C,24
YDR428C,24
YDR453C,24
YDR468C,24
YER007C-A,24
YER023W,24
YER174C,24
YFL012W,24
YGL225W,24
YGL247W,24
YGR104C,24
YGR213C,24
YGR247W,24
YGR268C,24
YGR279C,24
YHR008C,24
YHR039C-A,24
YHR058C,24
YHR185C,24
YIL007C,24
YIL034C,24
YIL049W,24
YIL065C,24
YIL070C,24
YIR037W,24
YJL011C,24
YJL191W,24
YJR102C,24
YJR112W,24
YJR116W,24
YKR052C,24
YKR074W,24
YLR073C,24
YLR093C,24
YML036W,24
YMR264W,24
YNL055C,24
YNL222W,24
YNR022C,24
YOL149W,24
YOR089C,24
YPL211W,24
YMR182C,24
YPL013C,24
YIR039C,24
YEL024W,24
YKL051W,24
YOR300W,24
YJL170C,24
YKL170W,24
YLR046C,24
YLR406C,24
R0030W,23
YBL006C,23
YBL040C,23
YBL044W,23
YBR137W,23
YBR244W,23
YBR258C,23
YBR285W,23
YCL056C,23
YCR086W,23
YCR096C,23
YDL064W,23
YDL094C,23
YDL111C,23
YDR079W,23
YDR115W,23
YDR179C,23
YDR328C,23
YDR408C,23
YER026C,23
YER067W,23
YER120W,23
YFL056C,23
YGL053W,23
YGL154C,23
YGL161C,23
YGL177W,23
YGL240W,23
YGR158C,23
YGR232W,23
YHL043W,23
YHR051W,23
YHR057C,23
YHR122W,23
YHR123W,23
YHR140W,23
YHR200W,23
YIL024C,23
YIL111W,23
YIR012W,23
YIR014W,23
YJL115W,23
YKL052C,23
YKL159C,23
YKL183W,23
YLR158C,23
YLR301W,23
YLR306W,23
YLR329W,23
YLR332W,23
YMR042W,23
YNL214W,23
YNL263C,23
YNR064C,23
YOL009C,23
YOR097C,23
YOR157C,23
YMR244W,23
YOR276W,23
YKL003C,23
YPL135W,23
YPR051W,23
YJL043W,23
YDR304C,23
YMR035W,23
YJL133W,23
YHR100C,23
YKL026C,23
YOL024W,23
YMR158W,23
YLR285W,23
YML106W,23
YPL067C,23
YNL046W,23
YML078W,23
YBR078W,22
YBR175W,22
YBR187W,22
YBR188C,22
YBR264C,22
YCL005W,22
YCR007C,22
YCR076C,22
YDL166C,22
YDL219W,22
YDR007W,22
YDR071C,22
YDR167W,22
YDR373W,22
YDR438W,22
YDR500C,22
YEL038W,22
YER031C,22
YER058W,22
YER163C,22
YFR017C,22
YFR043C,22
YGL200C,22
YGL250W,22
YGR023W,22
YGR074W,22
YGR075C,22
YGR082W,22
YGR139W,22
YGR151C,22
YGR214W,22
YGR275W,22
YIL076W,22
YIL163C,22
YJL001W,22
YKL067W,22
YKL137W,22
YKL144C,22
YKL163W,22
YKL206C,22
YLR229C,22
YLR292C,22
YLR459W,22
YML001W,22
YMR009W,22
YMR095C,22
YNL160W,22
YOL073C,22
YOR016C,22
YOR202W,22
YOR226C,22
YPL162C,22
YPL264C,22
YPR066W,22
YML052W,22
YOL032W,22
YKL141W,22
YGR030C,22
YPL087W,22
YJL160C,22
YCR097W,22
YPR077C,22
YNL185C,22
YJR069C,22
YOR292C,22
YML094W,22
YLR178C,22
YPR052C,22
YLR185W,22
YMR057C,22
YNL019C,22
YOL110W,22
YNL205C,22
YPR073C,22
YAL018C,21
YAR027W,21
YBL003C,21
YBL078C,21
YBR014C,21
YBR052C,21
YBR217W,21
YCR021C,21
YDL137W,21
YDL165W,21
YDL192W,21
YDR078C,21
YDR225W,21
YDR410C,21
YDR487C,21
YDR534C,21
YEL066W,21
YER010C,21
YER094C,21
YER117W,21
YFR042W,21
YGL028C,21
YGR146C,21
YIL118W,21
YIR013C,21
YJL030W,21
YJL159W,21
YKL004W,21
YKL164C,21
YKL190W,21
YKR030W,21
YKR065C,21
YKR068C,21
YLR066W,21
YLR199C,21
YLR339C,21
YLR435W,21
YMR118C,21
YMR274C,21
YMR276W,21
YMR305C,21
YNL056W,21
YNL099C,21
YNL312W,21
YOL067C,21
YPR094W,21
YOR179C,21
YPR172W,21
YOL109W,21
YMR200W,21
YNL260C,21
YOL085C,21
YGR107W,21
YHR116W,21
YPL073C,21
YPR046W,21
YNL255C,21
YPL025C,21
YOR364W,21
YKL167C,21
YKL160W,21
YOR102W,21
YAL003W,20
YAL007C,20
YBL049W,20
YBR090C,20
YBR269C,20
YCR059C,20
YDL212W,20
YDR024W,20
YDR070C,20
YDR092W,20
YDR286C,20
YDR319C,20
YDR511W,20
YEL003W,20
YEL039C,20
YEL075C,20
YFL061W,20
YGR035C,20
YGR095C,20
YGR282C,20
YHL015W,20
YHR041C,20
YHR191C,20
YHR193C,20
YIL025C,20
YIR005W,20
YJL174W,20
YKL117W,20
YLR011W,20
YLR170C,20
YLR456W,20
YML028W,20
YNR004W,20
YOR257W,20
YNL157W,20
YJL097W,20
YOR297C,20
YJR073C,20
YKR049C,20
YPR193C,20
YNL052W,20
YPR187W,20
YPL010W,20
YOL118C,20
YLR010C,20
YGR036C,20
YJL195C,20
YNL211C,20
YJL190C,20
YLR365W,20
YPL037C,20
YPR096C,20
YOL146W,20
YPR062W,20
YBL043W,19
YBR116C,19
YBR178W,19
YBR209W,19
YCR075C,19
YDL125C,19
YDL128W,19
YDL181W,19
YDR095C,19
YDR098C,19
YDR178W,19
YDR308C,19
YDR397C,19
YDR404C,19
YER066C-A,19
YER112W,19
YFL017C,19
YGL047W,19
YGL079W,19
YGL106W,19
YGL220W,19
YGL226W,19
YGR136W,19
YGR203W,19
YHL042W,19
YIR009W,19
YJL179W,19
YJL215C,19
YJL218W,19
YJR025C,19
YJR048W,19
YJR067C,19
YJR097W,19
YKL013C,19
YLR008C,19
YLR275W,19
YLR325C,19
YLR350W,19
YLR366W,19
YLR370C,19
YML009C,19
YML011C,19
YMR043W,19
YMR312W,19
YNL036W,19
YNL130C,19
YNL147W,19
YNR010W,19
YNR017W,19
YPL246C,19
YFL010W-A,19
YER189W,19
YNL153C,19
YPR113W,19
YLR243W,19
YOR392W,19
YPL257W,19
YOR189W,19
YOR265W,19
YPL183W-A,19
YLR112W,19
YKL076C,19
YLR118C,19
YOR008C,19
YOR379C,19
YML079W,19
YAR028W,18
YBL102W,18
YBR089W,18
YBR201W,18
YCR028C-A,18
YDL110C,18
YDR031W,18
YDR063W,18
YDR192C,18
YDR236C,18
YDR252W,18
YDR367W,18
YEL012W,18
YEL074W,18
YER066W,18
YFL014W,18
YGL087C,18
YGL187C,18
YGL230C,18
YGR038W,18
YGR115C,18
YGR133W,18
YHR136C,18
YHR157W,18
YIL023C,18
YJR034W,18
YJR074W,18
YKL061W,18
YKR007W,18
YLL050C,18
YLL059C,18
YLR434C,18
YML022W,18
YPR082C,18
YPR168W,18
YMR103C,18
YDL157C,18
YPL218W,18
YMR074C,18
YJL135W,18
YPL059W,18
YOR366W,18
YPL144W,18
YMR150C,18
YOL143C,18
YOR013W,18
YNR061C,18
YAL030W,17
YBL112C,17
YCL023C,17
YCL026C-A,17
YCL042W,17
YCR022C,17
YCR101C,17
YDL235C,17
YDR155C,17
YDR162C,17
YEL034W,17
YER076C,17
YER159C,17
YFL065C,17
YGL010W,17
YGL058W,17
YGL070C,17
YGR049W,17
YGR243W,17
YGR269W,17
YHL018W,17
YHR079C-A,17
YIL086C,17
YJL108C,17
YJL184W,17
YJL189W,17
YJR022W,17
YJR099W,17
YJR120W,17
YKL036C,17
YKL056C,17
YLL049W,17
YLR021W,17
YLR421C,17
YMR236W,17
YGL052W,17
YMR298W,17
YBR300C,17
YML077W,17
YNL066W,17
YIR032C,17
YFR057W,17
YPL252C,17
YFL015C,17
YPL205C,17
YOR333C,17
YLR269C,17
YJL182C,17
YLR164W,17
YJR047C,17
YLR379W,17
YPR130C,17
YMR141C,17
YBL025W,16
YBR226C,16
YBR254C,16
YCL046W,16
YCR087W,16
YDL217C,16
YDL221W,16
YDR066C,16
YDR084C,16
YDR215C,16
YDR260C,16
YDR344C,16
YDR357C,16
YDR469W,16
YDR529C,16
YEL048C,16
YFR049W,16
YGL015C,16
YGL165C,16
YGL198W,16
YHR142W,16
YIL062C,16
YIR022W,16
YJL004C,16
YJL152W,16
YKL086W,16
YKL186C,16
YLR050C,16
YLR200W,16
YLR317W,16
YLR358C,16
YMR022W,16
YMR112C,16
YMR225C,16
YNL244C,16
YNR002C,16
YOL005C,16
YPR020W,16
YJR115W,16
YOL154W,16
YGR050C,16
YNL281W,16
YPR017C,16
YDL045W-A,16
YPR028W,16
YOL046C,16
YDR513W,16
YDR274C,16
YDR509W,16
YGR293C,16
YIL029C,16
YNL013C,16
YJL211C,16
YNL138W-A,16
YOR225W,16
YPR188C,16
YPR203W,16
YAL063C-A,15
YAR023C,15
YAR030C,15
YBL018C,15
YBL021C,15
YBL081W,15
YBR082C,15
YBR134W,15
YBR173C,15
YBR230C,15
YBR252W,15
YDL004W,15
YDL008W,15
YDL062W,15
YDL118W,15
YDL196W,15
YDR010C,15
YDR022C,15
YDR377W,15
YDR441C,15
YDR510W,15
YER071C,15
YER084W,15
YER092W,15
YER188W,15
YGL030W,15
YGR020C,15
YGR064W,15
YHL006C,15
YHR175W,15
YIL004C,15
YIL051C,15
YIR040C,15
YJL143W,15
YJR063W,15
YLL067W-A,15
YLR109W,15
YLR294C,15
YMR230W,15
YNL028W,15
YNL226W,15
YOR079C,15
YOR293W,15
YOR325W,15
YOR327C,15
YPR016C,15
YPR154W,15
YLR140W,15
YGL235W,15
YIL027C,15
YNR037C,15
YML089C,15
YDL016C,15
YJR012C,15
YPR136C,15
YDR442W,15
YGR206W,15
YLR349W,15
YJL086C,15
YLR346C,15
YPL130W,15
YLR012C,15
YNL324W,15
YAL004W,14
YBL026W,14
YBR012C,14
YBR077C,14
YBR099C,14
YBR262C,14
YCR010C,14
YCR082W,14
YDR032C,14
YDR086C,14
YDR322C-A,14
YEL020W-A,14
YER044C,14
YFR026C,14
YGL242C,14
YGR045C,14
YGR131W,14
YGR182C,14
YHR087W,14
YHR145C,14
YIL009C-A,14
YIL060W,14
YJL015C,14
YJR058C,14
YJR086W,14
YJR104C,14
YKL058W,14
YKL147C,14
YKL192C,14
YLL030C,14
YLR104W,14
YLR125W,14
YLR147C,14
YLR264W,14
YLR327C,14
YLR390W-A,14
YML108W,14
YMR059W,14
YMR123W,14
YNL113W,14
YOL131W,14
YOL133W,14
YOR224C,14
YOR285W,14
YOR339C,14
YPL187W,14
YOR167C,14
YOR020C,14
YLR390W,14
YLR218C,14
YML101C,14
YPL170W,14
YJL142C,14
YOR072W,14
YIL028W,14
YMR202W,14
YPL251W,14
YLR437C,14
YML053C,14
YPR177C,14
YPR014C,14
YNL158W,14
Q0250,13
YAL064W,13
YAL066W,13
YBL001C,13
YBL065W,13
YBL071C,13
YBR091C,13
YBR135W,13
YBR144C,13
YBR162W-A,13
YBR190W,13
YCL028W,13
YCR050C,13
YDL037C,13
YDL046W,13
YDL050C,13
YDR327W,13
YDR413C,13
YDR424C,13
YEL026W,13
YEL068C,13
YER011W,13
YGL121C,13
YGL214W,13
YGR037C,13
YHL045W,13
YHR026W,13
YHR143W-A,13
YJL024C,13
YJL151C,13
YJL199C,13
YJL222W-A,13
YJR087W,13
YJR146W,13
YKL069W,13
YKR083C,13
YLR053C,13
YLR124W,13
YLR245C,13
YLR295C,13
YLR385C,13
YLR416C,13
YLR428C,13
YMR151W,13
YNL044W,13
YNL086W,13
YOR331C,13
YFR012W,13
YNL228W,13
YLL042C,13
YOR050C,13
YPL200W,13
YLR123C,13
YLR374C,13
YLR331C,13
YDR431W,13
YKL102C,13
YOR103C,13
YPL229W,13
YOR121C,13
YLR415C,13
YLR395C,13
YJL032W,13
YLR217W,13
YMR063W,13
YAR047C,12
YAR064W,12
YAR066W,12
YBL108W,12
YBR064W,12
YBR253W,12
YCR001W,12
YDL061C,12
YDL162C,12
YDR102C,12
YDR156W,12
YDR366C,12
YDR384C,12
YDR504C,12
YFL051C,12
YFR033C,12
YGR114C,12
YGR291C,12
YHR072W-A,12
YJL158C,12
YJL173C,12
YJR082C,12
YKL006C-A,12
YKL044W,12
YKR095W-A,12
YLL047W,12
YLR154C,12
YLR315W,12
YLR465C,12
YMR002W,12
YNL208W,12
YOL150C,12
YOR210W,12
YNL105W,12
YLL009C,12
YLR194C,12
YML094C-A,12
YLR311C,12
YPR160C-A,12
YNL277W-A,12
YOR314W,12
YOR009W,12
YOR345C,12
YJL120W,12
YOR263C,12
YPR149W,12
YLR356W,12
YMR222C,12
YNL109W,12
YLR388W,12
YNL319W,12
YBL100C,11
YBR027C,11
YBR109C,11
YBR124W,11
YBR219C,11
YBR277C,11
YCL035C,11
YCR060W,11
YDR045C,11
YDR133C,11
YDR340W,11
YDR363W-A,11
YEL008W,11
YER019C-A,11
YER087C-B,11
YER121W,11
YGL204C,11
YGR073C,11
YGR181W,11
YGR236C,11
YHR138C,11
YIL040W,11
YJL065C,11
YJL067W,11
YJL079C,11
YJL166W,11
YJR020W,11
YJR023C,11
YJR037W,11
YJR157W,11
YMR181C,11
YNL015W,11
YNL135C,11
YNL285W,11
YLR338W,11
YGR069W,11
YIL141W,11
YPL047W,11
YPR063C,11
YMR075C-A,11
YOL129W,11
YPL114W,11
YNL259C,11
YMR292W,11
YHL005C,11
YPL098C,11
YNL146W,11
YHR143W,11
YKL084W,11
YNL131W,11
YKL177W,11
YPL056C,11
YOL099C,11
YBR111W-A,10
YCL065W,10
YDL067C,10
YDL071C,10
YDL158C,10
YDL172C,10
YDR073W,10
YDR139C,10
YDR271C,10
YDR281C,10
YER057C,10
YFL010C,10
YFL063W,10
YFL067W,10
YFR036W,10
YGL054C,10
YGL072C,10
YGL132W,10
YGR209C,10
YGR290W,10
YJR010C-A,10
YKL153W,10
YLR171W,10
YLR202C,10
YLR252W,10
YLR297W,10
YLR322W,10
YOR029W,10
YOR122C,10
YOR159C,10
YMR071C,10
YPR010C-A,10
YKL202W,10
YOR214C,10
YPL102C,10
YGL239C,10
YMR031W-A,10
YOR031W,10
YNL235C,10
YKR035C,10
YPL046C,10
YKL111C,10
YOR282W,10
Q0085,9
Q0275,9
YAR068W,9
YBL094C,9
YCR020C-A,9
YDL241W,9
YDR079C-A,9
YDR290W,9
YGL024W,9
YGL168W,9
YGL259W,9
YGR063C,9
YHR005C-A,9
YHR214W-A,9
YIL011W,9
YJR038C,9
YJR079W,9
YJR135W-A,9
YJR162C,9
YLR038C,9
YML058W,9
YML081C-A,9
YNL266W,9
YNR046W,9
YFR054C,9
YLL037W,9
YNL171C,9
YGL074C,9
YLL065W,9
YOR318C,9
YJL202C,9
YNR005C,9
YNL276C,9
YAL045C,8
YBR013C,8
YBR058C-A,8
YBR266C,8
YCR041W,8
YDL026W,8
YDL096C,8
YDR378C,8
YDR382W,8
YDR445C,8
YER009W,8
YER146W,8
YFL017W-A,8
YGL069C,8
YGL258W,8
YGR018C,8
YGR242W,8
YIL008W,8
YJL064W,8
YLR076C,8
YLR334C,8
YLR438C-A,8
YMR195W,8
YOL014W,8
YOR082C,8
YPR182W,8
YOR068C,8
YOL159C,8
YDR077W,8
YOR382W,8
YKR073C,8
YOR010C,8
YKR032W,8
YLR461W,8
YPR099C,8
YBR067C,7
YBR109W-A,7
YBR174C,7
YBR301W,7
YDL123W,7
YDR016C,7
YDR250C,7
YDR542W,7
YEL027W,7
YEL049W,7
YGL127C,7
YGL217C,7
YGR172C,7
YGR294W,7
YHL046C,7
YHR053C,7
YHR130C,7
YIL059C,7
YJL075C,7
YKL224C,7
YLL020C,7
YLR037C,7
YLR198C,7
YPL234C,7
YPL271W,7
YGR219W,7
YPR076W,7
YLR040C,7
YJR108W,7
YOL039W,7
YCL058C,6
YDL011C,6
YDR100W,6
YDR455C,6
YDR526C,6
YEL059W,6
YER181C,6
YFL020C,6
YGL042C,6
YGL226C-A,6
YHR180W,6
YLR042C,6
YML129C,6
YNR042W,6
YJR044C,6
YGR105W,6
YPL250C,6
YJL175W,6
YOR387C,6
YPL238C,6
YNR025C,6
YPL163C,6
YCR024C-A,5
YDL023C,5
YDL081C,5
YDL130W,5
YDR461W,5
YEL017C-A,5
YGL102C,5
YGL149W,5
YIL054W,5
YOL035C,5
YOR146W,5
YPR126C,5
YLL014W,5
YOR383C,5
YNL145W,5
YAR069C,4
YBL053W,4
YGL032C,4
YNL300W,4
YOL106W,4
YPL136W,4
YNL070W,4
YOR247W,4
YJL222W-B,4
Q0080,3
Q0130,3
YDL012C,3
YDL041W,3
YDR269C,3
YHR212W-A,3
YLR110C,3
YOR045W,3
YER150W,3
YDL159W-A,2
YDR276C,2
YDR433W,2
YGR160W,2
YGR228W,2
YPL135C-A,2
YAL069W,1
YDL232W,1
YOR302W,1
YOL050C,1
YPR123C,1
YAL064W-B,0
