level-1,,LIDC,,
YBL099W,,YAL001C,,0
YBR020W,,YAL003W,,0
YBR039W,,YAL012W,,0
YBR118W,,YAL025C,,0
YBR127C,,YAL032C,,0
YBR196C,,YAL033W,,1
YCL018W,,YAL034C-B,,0
YDL126C,,YAL034W-A,,1
YDR099W,,YAL035C-A,,0
YER177W,,YAL035W,,0
YFL039C,,YAL038W,,1
YGR240C,,YAL041W,,0
YGR256W,,YAL043C,,0
YJL138C,,YAR007C,,0
YLR180W,,YAR008W,,0
YNL030W,,YAR019C,,0
YOL139C,,YBL003C,,1
YOR332W,,YBL004W,,0
YBR055C,,YBL014C,,1
YBR069C,,YBL018C,,0
YBR234C,,YBL020W,,1
YCR002C,,YBL023C,,0
YCR009C,,YBL026W,,0
YDL029W,,YBL030C,,1
YDL047W,,YBL034C,,0
YDL101C,,YBL035C,,0
YDL132W,,YBL040C,,1
YDL225W,,YBL041W,,0
YDR388W,,YBL050W,,0
YER025W,,YBL073W,,1
YER133W,,YBL074C,,1
YGL004C,,YBL076C,,0
YGL137W,,YBL077W,,1
YGL190C,,YBL084C,,0
YGR083C,,YBL092W,,1
YHR135C,,YBL097W,,0
YJR007W,,YBL102W,,1
YKL103C,,YBL105C,,0
YKR026C,,YBR002C,,0
YLR175W,,YBR004C,,1
YLR314C,,YBR009C,,1
YML064C,,YBR011C,,1
YMR246W,,YBR024W,,0
YNL189W,,YBR029C,,1
YNR031C,,YBR038W,,0
YOR212W,,YBR049C,,0
YOR260W,,YBR055C,,1
YOR351C,,YBR058C-A,,0
YPL203W,,YBR060C,,1
YPR178W,,YBR070C,,1
YBL039C,,YBR079C,,0
YBR072W,,YBR080C,,0
YDL097C,,YBR087W,,1
YDL147W,,YBR088C,,1
YDR148C,,YBR089C-A,,0
YDR394W,,YBR089W,,1
YFL037W,,YBR091C,,1
YHR027C,,YBR102C,,1
YIL075C,,YBR106W,,1
YJL008C,,YBR109C,,1
YJR045C,,YBR110W,,1
YJR121W,,YBR112C,,0
YLR216C,,YBR121C,,0
YLR259C,,YBR123C,,1
YML085C,,YBR124W,,1
YMR205C,,YBR135W,,0
YNL064C,,YBR136W,,0
YOR151C,,YBR140C,,1
YCR088W,,YBR142W,,1
YDL134C,,YBR143C,,0
YDL188C,,YBR152W,,0
YEL051W,,YBR153W,,0
YFL016C,,YBR154C,,0
YML123C,,YBR155W,,0
YOR261C,,YBR158W,,1
YPL235W,,YBR160W,,1
YAL021C,,YBR167C,,0
YAR007C,,YBR168W,,1
YBR198C,,YBR190W,,1
YBR217W,,YBR192W,,0
YBR272C,,YBR193C,,0
YDL017W,,YBR196C,,1
YDL059C,,YBR198C,,0
YDL200C,,YBR200W,,0
YDR127W,,YBR202W,,0
YER012W,,YBR211C,,1
YER171W,,YBR233W-A,,1
YFR004W,,YBR234C,,1
YFR010W,,YBR236C,,0
YFR052W,,YBR237W,,1
YGR232W,,YBR243C,,0
YHR030C,,YBR247C,,0
YHR200W,,YBR252W,,0
YIL066C,,YBR253W,,0
YJR076C,,YBR254C,,1
YKL166C,,YBR256C,,1
YMR001C,,YBR257W,,1
YNL161W,,YBR265W,,1
YOL094C,,YCL003W,,1
YOR181W,,YCL004W,,1
YOR259C,,YCL017C,,1
YPR108W,,YCL028W,,1
YDL025C,,YCL031C,,0
YDL213C,,YCL041C,,0
YDR386W,,YCL043C,,0
YER006W,,YCL052C,,1
YFR028C,,YCL053C,,1
YGR097W,,YCL054W,,0
YGR103W,,YCL059C,,1
YGR254W,,YCL067C,,0
YHR052W,,YCR012W,,1
YIL035C,,YCR013C,,0
YKR081C,,YCR035C,,1
YMR290C,,YCR039C,,1
YNL061W,,YCR042C,,1
YNL230C,,YCR052W,,0
YOR061W,,YCR054C,,0
YOR267C,,YCR057C,,0
YOR272W,,YCR072C,,1
YOR361C,,YCR088W,,1
YPL043W,,YCR093W,,1
YPL093W,,YCR096C,,1
YPL141C,,YDL003W,,0
YJR068W,,YDL004W,,1
YNL290W,,YDL007W,,1
YPL240C,,YDL008W,,0
YDL185W,,YDL013W,,0
YDL229W,,YDL014W,,0
YDR190C,,YDL015C,,1
YDL145C,,YDL016C,,1
YGL049C,,YDL017W,,0
YGR162W,,YDL028C,,0
YHR086W,,YDL029W,,1
YMR186W,,YDL030W,,0
YDL155W,,YDL031W,,1
YDR216W,,YDL043C,,0
YER021W,,YDL045C,,1
YIL128W,,YDL055C,,0
YJL130C,,YDL058W,,0
YNL113W,,YDL060W,,1
YOR119C,,YDL064W,,1
YOR341W,,YDL067C,,1
YDR128W,,YDL084W,,0
YJL117W,,YDL087C,,0
YMR284W,,YDL089W,,0
YPL140C,,YDL092W,,0
YGL200C,,YDL097C,,0
YJL002C,,YDL098C,,1
YDR211W,,YDL102W,,1
YIL142W,,YDL103C,,1
YLR191W,,YDL105W,,0
YOL133W,,YDL108W,,1
YDR335W,,YDL111C,,0
YHL004W,,YDL120W,,0
YER165W,,YDL126C,,1
YNL243W,,YDL132W,,1
YNL298W,,YDL139C,,0
YGL005C,,YDL140C,,0
YLR293C,,YDL141W,,1
YOL132W,,YDL143W,,0
YPL204W,,YDL145C,,1
YDR307W,,YDL147W,,0
YER118C,,YDL148C,,0
YGL104C,,YDL150W,,0
YPR111W,,YDL152W,,1
YGR052W,,YDL153C,,0
YGL143C,,YDL155W,,0
YHL008C,,YDL163W,,0
YMR109W,,YDL164C,,0
YBR160W,,YDL165W,,1
YIL061C,,YDL166C,,1
YHR016C,,YDL193W,,0
YGL161C,,YDL195W,,0
YGL198W,,YDL196W,,0
YJL020C,,YDL205C,,0
YMR032W,,YDL207W,,1
YJL069C,,YDL208W,,1
YAL016W,,YDL209C,,0
YGL019W,,YDL212W,,0
YGR090W,,YDL217C,,1
YLR096W,,YDL220C,,0
YNL132W,,YDL221W,,1
YOR039W,,YDL232W,,0
YBL026W,,YDL235C,,1
YDR238C,,YDR002W,,1
YBR108W,,YDR013W,,0
YEL011W,,YDR016C,,0
YER125W,,YDR021W,,1
YIL095W,,YDR023W,,0
YIL156W,,YDR037W,,0
YIR003W,,YDR041W,,0
YNL094W,,YDR044W,,0
YPR171W,,YDR045C,,0
YHR197W,,YDR047W,,1
YNL182C,,YDR050C,,1
YOR005C,,YDR052C,,0
YGR290W,,YDR053W,,0
YHR107C,,YDR054C,,1
YIL139C,,YDR060W,,0
YMR088C,,YDR062W,,0
YPR014C,,YDR064W,,0
YIL046W,,YDR081C,,1
YDR376W,,YDR082W,,1
YNL025C,,YDR086C,,0
YHR082C,,YDR087C,,1
YBL080C,,YDR088C,,0
YDR477W,,YDR091C,,0
YNL093W,,YDR113C,,0
YNL138W,,YDR118W,,1
YHR158C,,YDR123C,,0
YBR214W,,YDR130C,,0
YCR024C-A,,YDR141C,,0
YJR143C,,YDR145W,,0
YMR250W,,YDR151C,,0
YNL163C,,YDR160W,,1
YNL276C,,YDR164C,,0
YDR350C,,YDR166C,,0
YMR282C,,YDR167W,,0
YFR026C,,YDR168W,,0
YGL165C,,YDR170C,,0
YLR076C,,YDR172W,,1
YML109W,,YDR177W,,0
YFR024C-A,,YDR180W,,0
YBL007C,,YDR182W,,0
YER082C,,YDR187C,,1
YJL095W,,YDR188W,,0
YHR166C,,YDR189W,,1
YJL187C,,YDR190C,,0
YLR291C,,YDR196C,,1
YPL070W,,YDR201W,,0
YJR090C,,YDR208W,,0
YLR261C,,YDR211W,,0
YOR390W,,YDR212W,,0
YDR480W,,YDR224C,,0
YER167W,,YDR226W,,0
YGL057C,,YDR228C,,0
YGL158W,,YDR231C,,0
YJL076W,,YDR232W,,1
YPL049C,,YDR233C,,0
YPR137C-A,,YDR235W,,0
YBR251W,,YDR236C,,0
YCR057C,,YDR238C,,1
YJL098W,,YDR240C,,0
YKL008C,,YDR241W,,0
YOR244W,,YDR243C,,1
YIL112W,,YDR246W,,0
YEL063C,,YDR267C,,0
YGL009C,,YDR280W,,0
YBR103W,,YDR288W,,0
YDR228C,,YDR292C,,1
YNL317W,,YDR299W,,1
YGR092W,,YDR301W,,0
YLR281C,,YDR302W,,0
YMR142C,,YDR303C,,0
YKL129C,,YDR308C,,0
YMR123W,,YDR311W,,0
YDL008W,,YDR320C-A,,1
YBR004C,,YDR323C,,1
YPL231W,,YDR324C,,1
YPL112C,,YDR325W,,0
YER129W,,YDR327W,,0
YAL007C,,YDR328C,,0
YNL226W,,YDR331W,,0
YJR073C,,YDR339C,,0
YJL139C,,YDR341C,,0
YLR363C,,YDR353W,,0
YOR076C,,YDR355C,,1
YAR019C,,YDR356W,,1
YGL028C,,YDR361C,,0
YBR261C,,YDR362C,,0
YFR012W,,YDR364C,,0
YPL237W,,YDR365C,,1
YIL131C,,YDR367W,,0
YNL178W,,YDR373W,,1
YEL049W,,YDR376W,,0
YLL029W,,YDR378C,,0
YDR507C,,YDR381W,,0
YHR083W,,YDR389W,,1
YKL179C,,YDR390C,,0
YBR115C,,YDR394W,,0
YNL191W,,YDR395W,,0
YDR441C,,YDR396W,,0
YER161C,,YDR397C,,0
YBR079C,,YDR398W,,1
YMR309C,,YDR404C,,1
YJR117W,,YDR407C,,0
YGL001C,,YDR412W,,1
YOR084W,,YDR413C,,0
YPR041W,,YDR416W,,1
YIR035C,,YDR420W,,0
YJL035C,,YDR427W,,1
YDR428C,,YDR429C,,0
YOR325W,,YDR432W,,0
YNR018W,,YDR434W,,0
YDR461W,,YDR437W,,0
YLL046C,,YDR449C,,0
YDL178W,,YDR454C,,0
YGL036W,,YDR460W,,0
YIR004W,,YDR464W,,1
YLR258W,,YDR468C,,0
YDR227W,,YDR470C,,0
YMR041C,,YDR472W,,0
YNL142W,,YDR473C,,0
YKR031C,,YDR478W,,0
YNL028W,,YDR487C,,1
YBL033C,,YDR489W,,0
YDR277C,,YDR498C,,0
YCL076W,,YDR499W,,0
YDR283C,,YDR505C,,0
YKL153W,,YDR510W,,1
YKR084C,,YDR526C,,0
YNL104C,,YDR527W,,0
YJL160C,,YDR531W,,0
YJL174W,,YDR532C,,1
YER137C,,YEL002C,,0
YOR356W,,YEL019C,,0
YGR168C,,YEL020W-A,,0
YDR413C,,YEL026W,,1
YOR284W,,YEL032W,,0
YPR021C,,YEL034W,,0
YGR126W,,YEL035C,,0
YBR204C,,YEL044W,,0
YLR225C,,YEL055C,,0
YDR275W,,YEL058W,,0
YGL239C,,YER003C,,1
YKL013C,,YER005W,,1
YNR042W,,YER006W,,0
YOL124C,,YER008C,,0
YLR327C,,YER009W,,0
YDL103C,,YER012W,,1
YLL047W,,YER013W,,0
YGL214W,,YER016W,,0
YER010C,,YER018C,,0
YCL020W,,YER019C-A,,0
YLR077W,,YER021W,,0
YHR189W,,YER022W,,0
YOR364W,,YER023W,,0
YDR492W,,YER025W,,0
YLR406C,,YER026C,,0
YDL237W,,YER029C,,0
YEL059W,,YER036C,,0
YBR266C,,YER038C,,0
YDR287W,,YER043C,,0
YKL161C,,YER048W-A,,0
YBL094C,,YER060W,,0
YBR008C,,YER070W,,0
YBR144C,,YER074W-A,,0
YBR273C,,YER082C,,0
YBR301W,,YER093C,,0
YDR040C,,YER094C,,0
YHL043W,,YER104W,,0
YHL049C,,YER106W,,0
YHR209W,,YER112W,,0
YIL055C,,YER125W,,0
YIR037W,,YER126C,,0
YJR079W,,YER127W,,0
YLR078C,,YER133W,,1
YLR312C,,YER136W,,0
YLR434C,,YER146W,,0
YMR157C,,YER147C,,0
YNL319W,,YER148W,,0
YNR061C,,YER157W,,0
YOL154W,,YER159C,,0
YOR102W,,YER165W,,1
YOR112W,,YER168C,,0
YOR121C,,YER171W,,0
YOR251C,,YER172C,,0
YOR286W,,YFL002C,,0
YOR289W,,YFL005W,,0
YNL250W,,YFL008W,,0
YFR051C,,YFL009W,,1
YIL004C,,YFL017C,,1
YJR031C,,YFL017W-A,,0
YLR268W,,YFL018W-A,,0
YLR026C,,YFL022C,,1
YGL094C,,YFL023W,,0
YLR065C,,YFL024C,,0
YOR111W,,YFL029C,,0
YBR255W,,YFL034C-B,,0
YGL003C,,YFL035C,,1
YDR135C,,YFL035C-A,,0
YGL117W,,YFL037W,,0
YLR143W,,YFL038C,,0
YNL050C,,YFL039C,,0
YNL242W,,YFL045C,,0
YOL031C,,YFR002W,,0
YOL140W,,YFR003C,,0
YAL045C,,YFR004W,,0
YGL186C,,YFR005C,,0
YGR020C,,YFR027W,,0
YJL204C,,YFR028C,,0
YOL098C,,YFR029W,,0
YBR097W,,YFR031C,,0
YOR086C,,YFR037C,,0
YDR143C,,YFR042W,,0
YNL327W,,YFR050C,,0
YLR256W-A,,YFR051C,,0
YER098W,,YFR052W,,0
YDR427W,,YGL001C,,1
YGL197W,,YGL003C,,0
YIR025W,,YGL008C,,0
YCL033C,,YGL011C,,0
YML106W,,YGL014W,,0
YOL073C,,YGL018C,,0
YOR202W,,YGL022W,,0
YGR060W,,YGL029W,,1
YOR392W,,YGL030W,,0
YMR273C,,YGL040C,,0
YOL143C,,YGL044C,,0
YJL114W,,YGL047W,,0
YML110C,,YGL048C,,0
YDR169C,,YGL055W,,0
YAL063C-A,,YGL061C,,0
YDL159W-A,,YGL065C,,0
YER055C,,YGL068W,,0
YGL072C,,YGL069C,,0
YJL198W,,YGL073W,,1
YLR087C,,YGL074C,,0
YMR230W,,YGL075C,,0
YNR033W,,YGL084C,,0
YOR029W,,YGL091C,,0
YOR293W,,YGL092W,,1
YPR071W,,YGL093W,,0
YOR146W,,YGL097W,,1
YPL029W,,YGL098W,,0
YBL082C,,YGL099W,,0
YBL031W,,YGL102C,,0
YBR235W,,YGL103W,,0
YDL189W,,YGL106W,,0
YER004W,,YGL111W,,0
YLL060C,,YGL112C,,0
YLL067W-A,,YGL113W,,0
YML120C,,YGL116W,,0
YNL164C,,YGL120C,,0
YPL056C,,YGL122C,,0
YER054C,,YGL123W,,0
YMR196W,,YGL128C,,0
YMR057C,,YGL130W,,0
YLR441C,,YGL137W,,0
YBR106W,,YGL142C,,1
YBR242W,,YGL145W,,0
YBR262C,,YGL150C,,0
YCL049C,,YGL155W,,0
YDL162C,,YGL166W,,0
YDR290W,,YGL169W,,0
YEL057C,,YGL171W,,0
YEL074W,,YGL172W,,0
YER121W,,YGL180W,,0
YER170W,,YGL189C,,0
YGL258W,,YGL201C,,0
YPL280W,,YGL207W,,0
YKL154W,,YGL213C,,1
YJR010C-A,,YGL225W,,0
YBR036C,,YGL233W,,0
YBR110W,,YGL236C,,1
YBR159W,,YGL238W,,0
YBR290W,,YGL239C,,0
YCR034W,,YGL245W,,0
YDL232W,,YGL247W,,1
YDR331W,,YGR002C,,1
YGR284C,,YGR005C,,0
YHL048W,,YGR009C,,0
YHR026W,,YGR013W,,0
YHR133C,,YGR024C,,0
YHR140W,,YGR029W,,0
YJL196C,,YGR030C,,0
YKL065C,,YGR046W,,0
YLR343W,,YGR047C,,0
YLR372W,,YGR048W,,0
YML048W,,YGR060W,,0
YMR215W,,YGR065C,,0
YNL101W,,YGR073C,,0
YOR016C,,YGR074W,,0
YPL264C,,YGR075C,,0
YPR028W,,YGR082W,,0
YFR039C,,YGR083C,,0
YDL121C,,YGR090W,,0
YDR304C,,YGR091W,,0
YDR431W,,YGR094W,,0
YDR513W,,YGR095C,,0
YGL020C,,YGR098C,,0
YJL075C,,YGR099W,,0
YKR100C,,YGR103W,,0
YOL159C,,YGR113W,,0
YPL252C,,YGR114C,,1
YPR037C,,YGR115C,,0
YDR323C,,YGR116W,,1
YBR116C,,YGR119C,,0
YBR283C,,YGR120C,,0
YGR260W,,YGR128C,,0
YLL028W,,YGR140W,,0
YMR011W,,YGR145W,,0
YMR058W,,YGR147C,,0
YMR149W,,YGR155W,,1
YPL076W,,YGR156W,,1
YPR156C,,YGR158C,,0
YPR198W,,YGR159C,,0
YBR021W,,YGR172C,,0
YBR180W,,YGR175C,,0
YFR018C,,YGR179C,,0
YGR062C,,YGR185C,,0
YDR414C,,YGR186W,,0
YEL017C-A,,YGR190C,,0
YBR183W,,YGR191W,,0
YEL002C,,YGR195W,,1
YHL042W,,YGR198W,,0
YCL025C,,YGR211W,,0
YDR297W,,YGR216C,,0
YHR142W,,YGR218W,,0
YML067C,,YGR244C,,0
YMR222C,,YGR245C,,0
YPL274W,,YGR246C,,0
YLR454W,,YGR251W,,1
YDR345C,,YGR253C,,0
YGR242W,,YGR264C,,0
YOL147C,,YGR265W,,0
YGL141W,,YGR267C,,0
YMR063W,,YGR274C,,0
YEL022W,,YGR277C,,0
YGR194C,,YGR278W,,0
YML071C,,YGR280C,,0
YHR123W,,YGR294W,,0
YIL027C,,YHL015W,,0
YLR099C,,YHR005C,,0
YDR317W,,YHR005C-A,,0
YEL006W,,YHR007C,,0
YIL049W,,YHR009C,,0
YLR028C,,YHR014W,,0
YLR057W,,YHR019C,,0
YMR140W,,YHR020W,,0
YPL060W,,YHR023W,,0
YPL107W,,YHR024C,,0
YAL023C,,YHR027C,,0
YAR030C,,YHR036W,,0
YCL073C,,YHR040W,,0
YDR406W,,YHR042W,,0
YJL093C,,YHR052W,,0
YKL196C,,YHR058C,,1
YMR264W,,YHR062C,,0
YOR273C,,YHR065C,,0
YBL067C,,YHR068W,,0
YBR040W,,YHR069C,,0
YJR054W,,YHR070W,,0
YKR009C,,YHR072W,,0
YMR189W,,YHR072W-A,,0
YNL271C,,YHR074W,,0
YNR005C,,YHR082C,,0
YOR067C,,YHR083W,,0
YJR011C,,YHR084W,,0
YJR099W,,YHR085W,,0
YNL175C,,YHR086W,,0
YDL173W,,YHR088W,,0
YDR036C,,YHR089C,,0
YNL038W,,YHR098C,,1
YHR145C,,YHR099W,,0
YFR033C,,YHR101C,,0
YGR046W,,YHR102W,,1
YJR034W,,YHR107C,,0
YHL001W,,YHR118C,,0
YPL025C,,YHR122W,,0
YAR071W,,YHR128W,,0
YBL095W,,YHR143W-A,,0
YCL023C,,YHR148W,,0
YDR144C,,YHR164C,,0
YDR433W,,YHR165C,,0
YFL050C,,YHR166C,,0
YGR073C,,YHR169W,,1
YGR100W,,YHR170W,,0
YIL039W,,YHR172W,,0
YJL222W-A,,YHR186C,,0
YLR110C,,YHR188C,,0
YLR251W,,YHR190W,,0
YGR021W,,YHR196W,,0
YBL065W,,YHR197W,,0
YBR047W,,YHR199C-A,,0
YDL202W,,YIL003W,,0
YEL012W,,YIL004C,,0
YGR243W,,YIL019W,,0
YHL005C,,YIL021W,,0
YHR116W,,YIL022W,,0
YJL142C,,YIL026C,,0
YJR126C,,YIL031W,,0
YKL051W,,YIL046W,,0
YKL063C,,YIL048W,,0
YKR093W,,YIL051C,,0
YLR331C,,YIL061C,,0
YML082W,,YIL062C,,0
YMR087W,,YIL063C,,0
YMR114C,,YIL068C,,0
YMR118C,,YIL075C,,0
YNL073W,,YIL078W,,0
YNL211C,,YIL083C,,0
YNL235C,,YIL091C,,0
YOL022C,,YIL104C,,1
YOL042W,,YIL106W,,0
YOR072W,,YIL109C,,0
YOR143C,,YIL115C,,1
YOR334W,,YIL118W,,0
YOR336W,,YIL126W,,1
YAL004W,,YIL129C,,0
YDR511W,,YIL137C,,0
YIL052C,,YIL142W,,0
YIL057C,,YIL143C,,0
YOR331C,,YIL144W,,0
YOR384W,,YIL147C,,0
YPL156C,,YIL150C,,0
YPL188W,,YIL171W,,0
YIL011W,,YIR004W,,0
YLR422W,,YIR006C,,0
YMR317W,,YIR008C,,0
YCR024C,,YIR010W,,0
YBL020W,,YIR011C,,1
YBR209W,,YIR012W,,0
YDL158C,,YIR015W,,0
YDR133C,,YIR022W,,0
YDR429C,,YJL001W,,1
YER076C,,YJL002C,,0
YGR053C,,YJL005W,,0
YGR207C,,YJL008C,,0
YGR291C,,YJL009W,,0
YJL079C,,YJL010C,,0
YJR065C,,YJL011C,,1
YKL208W,,YJL012C,,0
YLR201C,,YJL014W,,0
YMR146C,,YJL015C,,1
YMR184W,,YJL018W,,0
YMR305C,,YJL019W,,0
YOL066C,,YJL025W,,1
YOL152W,,YJL026W,,0
YOR082C,,YJL031C,,0
YOR271C,,YJL032W,,1
YPL097W,,YJL033W,,0
YPR155C,,YJL034W,,0
YPR157W,,YJL035C,,0
YNR035C,,YJL039C,,1
Q0050,,YJL041W,,0
YDR438W,,YJL050W,,0
YFR055W,,YJL054W,,0
YGL125W,,YJL061W,,0
YGR124W,,YJL069C,,0
YOR009W,,YJL072C,,0
YPL102C,,YJL074C,,0
YPL114W,,YJL076W,,0
YPR136C,,YJL081C,,1
YHL007C,,YJL085W,,0
YOL136C,,YJL086C,,0
YDR061W,,YJL087C,,0
YDR309C,,YJL090C,,0
YHR061C,,YJL091C,,0
YKL077W,,YJL097W,,0
YMR239C,,YJL104W,,1
,,YJL109C,,
,,YJL111W,,164
,,YJL123C,,
,,YJL125C,,
,,YJL143W,,
,,YJL156C,,
,,YJL157C,,
,,YJL164C,,
,,YJL167W,,
,,YJL173C,,
,,YJL174W,,
,,YJL184W,,
,,YJL194W,,
,,YJL195C,,
,,YJL198W,,
,,YJL202C,,
,,YJL203W,,
,,YJR002W,,
,,YJR003C,,
,,YJR006W,,
,,YJR007W,,
,,YJR012C,,
,,YJR013W,,
,,YJR016C,,
,,YJR017C,,
,,YJR022W,,
,,YJR023C,,
,,YJR041C,,
,,YJR042W,,
,,YJR045C,,
,,YJR046W,,
,,YJR049C,,
,,YJR057W,,
,,YJR064W,,
,,YJR065C,,
,,YJR067C,,
,,YJR068W,,
,,YJR072C,,
,,YJR076C,,
,,YJR089W,,
,,YJR093C,,
,,YJR095W,,
,,YJR112W,,
,,YJR123W,,
,,YJR135C,,
,,YJR136C,,
,,YJR141W,,
,,YKL004W,,
,,YKL006C-A,,
,,YKL012W,,
,,YKL013C,,
,,YKL014C,,
,,YKL018W,,
,,YKL019W,,
,,YKL021C,,
,,YKL022C,,
,,YKL024C,,
,,YKL028W,,
,,YKL033W,,
,,YKL035W,,
,,YKL036C,,
,,YKL037W,,
,,YKL042W,,
,,YKL045W,,
,,YKL049C,,
,,YKL052C,,
,,YKL058W,,
,,YKL059C,,
,,YKL060C,,
,,YKL078W,,
,,YKL082C,,
,,YKL083W,,
,,YKL088W,,
,,YKL089W,,
,,YKL095W,,
,,YKL099C,,
,,YKL101W,,
,,YKL104C,,
,,YKL108W,,
,,YKL111C,,
,,YKL112W,,
,,YKL122C,,
,,YKL125W,,
,,YKL138C-A,,
,,YKL139W,,
,,YKL141W,,
,,YKL144C,,
,,YKL145W,,
,,YKL152C,,
,,YKL153W,,
,,YKL154W,,
,,YKL165C,,
,,YKL166C,,
,,YKL172W,,
,,YKL173W,,
,,YKL180W,,
,,YKL182W,,
,,YKL186C,,
,,YKL189W,,
,,YKL192C,,
,,YKL193C,,
,,YKL195W,,
,,YKL196C,,
,,YKL203C,,
,,YKL205W,,
,,YKL210W,,
,,YKR002W,,
,,YKR004C,,
,,YKR008W,,
,,YKR022C,,
,,YKR025W,,
,,YKR037C,,
,,YKR038C,,
,,YKR062W,,
,,YKR063C,,
,,YKR068C,,
,,YKR071C,,
,,YKR075C,,
,,YKR079C,,
,,YKR081C,,
,,YKR083C,,
,,YKR086W,,
,,YLL003W,,
,,YLL004W,,
,,YLL008W,,
,,YLL011W,,
,,YLL018C,,
,,YLL031C,,
,,YLL034C,,
,,YLL035W,,
,,YLL036C,,
,,YLL037W,,
,,YLL050C,,
,,YLR002C,,
,,YLR005W,,
,,YLR007W,,
,,YLR008C,,
,,YLR009W,,
,,YLR010C,,
,,YLR013W,,
,,YLR022C,,
,,YLR026C,,
,,YLR027C,,
,,YLR029C,,
,,YLR033W,,
,,YLR045C,,
,,YLR051C,,
,,YLR059C,,
,,YLR060W,,
,,YLR066W,,
,,YLR071C,,
,,YLR075W,,
,,YLR076C,,
,,YLR078C,,
,,YLR086W,,
,,YLR088W,,
,,YLR097C,,
,,YLR099W-A,,
,,YLR100W,,
,,YLR101C,,
,,YLR103C,,
,,YLR105C,,
,,YLR106C,,
,,YLR115W,,
,,YLR116W,,
,,YLR117C,,
,,YLR127C,,
,,YLR129W,,
,,YLR132C,,
,,YLR140W,,
,,YLR141W,,
,,YLR145W,,
,,YLR147C,,
,,YLR153C,,
,,YLR163C,,
,,YLR166C,,
,,YLR167W,,
,,YLR175W,,
,,YLR182W,,
,,YLR186W,,
,,YLR195C,,
,,YLR196W,,
,,YLR197W,,
,,YLR198C,,
,,YLR208W,,
,,YLR212C,,
,,YLR215C,,
,,YLR220W,,
,,YLR222C,,
,,YLR223C,,
,,YLR229C,,
,,YLR230W,,
,,YLR240W,,
,,YLR243W,,
,,YLR249W,,
,,YLR259C,,
,,YLR272C,,
,,YLR274W,,
,,YLR275W,,
,,YLR276C,,
,,YLR277C,,
,,YLR291C,,
,,YLR293C,,
,,YLR298C,,
,,YLR305C,,
,,YLR310C,,
,,YLR311C,,
,,YLR314C,,
,,YLR316C,,
,,YLR317W,,
,,YLR321C,,
,,YLR323C,,
,,YLR336C,,
,,YLR339C,,
,,YLR340W,,
,,YLR347C,,
,,YLR355C,,
,,YLR359W,,
,,YLR371W,,
,,YLR375W,,
,,YLR378C,,
,,YLR379W,,
,,YLR383W,,
,,YLR397C,,
,,YLR403W,,
,,YLR409C,,
,,YLR424W,,
,,YLR430W,,
,,YLR438C-A,,
,,YLR440C,,
,,YLR454W,,
,,YLR457C,,
,,YLR458W,,
,,YLR459W,,
,,YML010W,,
,,YML015C,,
,,YML023C,,
,,YML025C,,
,,YML031W,,
,,YML043C,,
,,YML046W,,
,,YML049C,,
,,YML064C,,
,,YML065W,,
,,YML068W,,
,,YML069W,,
,,YML077W,,
,,YML085C,,
,,YML091C,,
,,YML092C,,
,,YML093W,,
,,YML098W,,
,,YML105C,,
,,YML114C,,
,,YML125C,,
,,YML126C,,
,,YML127W,,
,,YML128C,,
,,YML130C,,
,,YMR001C,,
,,YMR005W,,
,,YMR013C,,
,,YMR028W,,
,,YMR032W,,
,,YMR033W,,
,,YMR043W,,
,,YMR047C,,
,,YMR049C,,
,,YMR059W,,
,,YMR061W,,
,,YMR070W,,
,,YMR071C,,
,,YMR076C,,
,,YMR079W,,
,,YMR093W,,
,,YMR094W,,
,,YMR108W,,
,,YMR112C,,
,,YMR113W,,
,,YMR117C,,
,,YMR128W,,
,,YMR131C,,
,,YMR134W,,
,,YMR146C,,
,,YMR149W,,
,,YMR164C,,
,,YMR168C,,
,,YMR179W,,
,,YMR185W,,
,,YMR197C,,
,,YMR198W,,
,,YMR200W,,
,,YMR203W,,
,,YMR208W,,
,,YMR211W,,
,,YMR212C,,
,,YMR213W,,
,,YMR218C,,
,,YMR220W,,
,,YMR227C,,
,,YMR229C,,
,,YMR235C,,
,,YMR236W,,
,,YMR239C,,
,,YMR240C,,
,,YMR260C,,
,,YMR268C,,
,,YMR270C,,
,,YMR276W,,
,,YMR277W,,
,,YMR281W,,
,,YMR288W,,
,,YMR290C,,
,,YMR290W-A,,
,,YMR296C,,
,,YMR298W,,
,,YMR301C,,
,,YMR308C,,
,,YMR309C,,
,,YMR314W,,
,,YNL002C,,
,,YNL006W,,
,,YNL007C,,
,,YNL020C,,
,,YNL024C-A,,
,,YNL026W,,
,,YNL028W,,
,,YNL036W,,
,,YNL038W,,
,,YNL039W,,
,,YNL044W,,
,,YNL048W,,
,,YNL059C,,
,,YNL061W,,
,,YNL062C,,
,,YNL075W,,
,,YNL088W,,
,,YNL102W,,
,,YNL103W,,
,,YNL110C,,
,,YNL112W,,
,,YNL113W,,
,,YNL114C,,
,,YNL118C,,
,,YNL124W,,
,,YNL126W,,
,,YNL131W,,
,,YNL132W,,
,,YNL137C,,
,,YNL138W,,
,,YNL138W-A,,
,,YNL147W,,
,,YNL149C,,
,,YNL150W,,
,,YNL151C,,
,,YNL152W,,
,,YNL158W,,
,,YNL161W,,
,,YNL162W,,
,,YNL163C,,
,,YNL172W,,
,,YNL178W,,
,,YNL181W,,
,,YNL182C,,
,,YNL188W,,
,,YNL189W,,
,,YNL197C,,
,,YNL207W,,
,,YNL216W,,
,,YNL221C,,
,,YNL222W,,
,,YNL225C,,
,,YNL232W,,
,,YNL240C,,
,,YNL241C,,
,,YNL243W,,
,,YNL244C,,
,,YNL245C,,
,,YNL246W,,
,,YNL247W,,
,,YNL251C,,
,,YNL256W,,
,,YNL258C,,
,,YNL260C,,
,,YNL261W,,
,,YNL262W,,
,,YNL263C,,
,,YNL267W,,
,,YNL272C,,
,,YNL282W,,
,,YNL287W,,
,,YNL290W,,
,,YNL306W,,
,,YNL308C,,
,,YNL310C,,
,,YNL312W,,
,,YNL313C,,
,,YNL317W,,
,,YNR003C,,
,,YNR011C,,
,,YNR016C,,
,,YNR017W,,
,,YNR026C,,
,,YNR035C,,
,,YNR038W,,
,,YNR043W,,
,,YNR046W,,
,,YNR052C,,
,,YNR053C,,
,,YNR054C,,
,,YOL005C,,
,,YOL010W,,
,,YOL021C,,
,,YOL022C,,
,,YOL026C,,
,,YOL034W,,
,,YOL038W,,
,,YOL040C,,
,,YOL066C,,
,,YOL069W,,
,,YOL077C,,
,,YOL078W,,
,,YOL094C,,
,,YOL097C,,
,,YOL100W,,
,,YOL102C,,
,,YOL120C,,
,,YOL123W,,
,,YOL127W,,
,,YOL130W,,
,,YOL133W,,
,,YOL134C,,
,,YOL135C,,
,,YOL139C,,
,,YOL142W,,
,,YOL144W,,
,,YOL146W,,
,,YOL149W,,
,,YOR004W,,
,,YOR020C,,
,,YOR036W,,
,,YOR046C,,
,,YOR048C,,
,,YOR056C,,
,,YOR057W,,
,,YOR060C,,
,,YOR063W,,
,,YOR074C,,
,,YOR075W,,
,,YOR076C,,
,,YOR077W,,
,,YOR095C,,
,,YOR098C,,
,,YOR102W,,
,,YOR103C,,
,,YOR106W,,
,,YOR110W,,
,,YOR116C,,
,,YOR117W,,
,,YOR119C,,
,,YOR122C,,
,,YOR143C,,
,,YOR145C,,
,,YOR146W,,
,,YOR148C,,
,,YOR149C,,
,,YOR151C,,
,,YOR157C,,
,,YOR159C,,
,,YOR160W,,
,,YOR166C,,
,,YOR168W,,
,,YOR169C,,
,,YOR174W,,
,,YOR176W,,
,,YOR181W,,
,,YOR194C,,
,,YOR203W,,
,,YOR204W,,
,,YOR206W,,
,,YOR207C,,
,,YOR210W,,
,,YOR217W,,
,,YOR218C,,
,,YOR224C,,
,,YOR229W,,
,,YOR232W,,
,,YOR233W,,
,,YOR236W,,
,,YOR244W,,
,,YOR249C,,
,,YOR250C,,
,,YOR254C,,
,,YOR256C,,
,,YOR257W,,
,,YOR259C,,
,,YOR260W,,
,,YOR261C,,
,,YOR262W,,
,,YOR271C,,
,,YOR272W,,
,,YOR278W,,
,,YOR281C,,
,,YOR282W,,
,,YOR287C,,
,,YOR293W,,
,,YOR294W,,
,,YOR295W,,
,,YOR297C,,
,,YOR310C,,
,,YOR319W,,
,,YOR326W,,
,,YOR329C,,
,,YOR335C,,
,,YOR336W,,
,,YOR340C,,
,,YOR341W,,
,,YOR353C,,
,,YOR361C,,
,,YOR362C,,
,,YOR370C,,
,,YOR372C,,
,,YOR373W,,
,,YPL007C,,
,,YPL010W,,
,,YPL011C,,
,,YPL012W,,
,,YPL016W,,
,,YPL020C,,
,,YPL028W,,
,,YPL043W,,
,,YPL044C,,
,,YPL045W,,
,,YPL063W,,
,,YPL075W,,
,,YPL076W,,
,,YPL082C,,
,,YPL083C,,
,,YPL085W,,
,,YPL093W,,
,,YPL094C,,
,,YPL115C,,
,,YPL117C,,
,,YPL122C,,
,,YPL124W,,
,,YPL125W,,
,,YPL126W,,
,,YPL128C,,
,,YPL131W,,
,,YPL137C,,
,,YPL142C,,
,,YPL143W,,
,,YPL146C,,
,,YPL151C,,
,,YPL153C,,
,,YPL160W,,
,,YPL169C,,
,,YPL175W,,
,,YPL190C,,
,,YPL203W,,
,,YPL204W,,
,,YPL207W,,
,,YPL209C,,
,,YPL210C,,
,,YPL211W,,
,,YPL213W,,
,,YPL217C,,
,,YPL218W,,
,,YPL228W,,
,,YPL231W,,
,,YPL233W,,
,,YPL235W,,
,,YPL237W,,
,,YPL238C,,
,,YPL242C,,
,,YPL243W,,
,,YPL251W,,
,,YPL252C,,
,,YPL255W,,
,,YPL266W,,
,,YPL268W,,
,,YPR010C,,
,,YPR015C,,
,,YPR016C,,
,,YPR019W,,
,,YPR025C,,
,,YPR033C,,
,,YPR034W,,
,,YPR035W,,
,,YPR040W,,
,,YPR041W,,
,,YPR048W,,
,,YPR055W,,
,,YPR056W,,
,,YPR082C,,
,,YPR085C,,
,,YPR086W,,
,,YPR088C,,
,,YPR094W,,
,,YPR101W,,
,,YPR103W,,
,,YPR104C,,
,,YPR105C,,
,,YPR107C,,
,,YPR108W,,
,,YPR110C,,
,,YPR111W,,
,,YPR112C,,
,,YPR113W,,
,,YPR120C,,
,,YPR124W,,
,,YPR125W,,
,,YPR133C,,
,,YPR136C,,
,,YPR137W,,
,,YPR142C,,
,,YPR143W,,
,,YPR144C,,
,,YPR161C,,
,,YPR162C,,
,,YPR165W,,
,,YPR168W,,
,,YPR169W,,
,,YPR175W,,
,,YPR176C,,
,,YPR177C,,
,,YPR178W,,
,,YPR180W,,
,,YPR181C,,
,,YPR182W,,
,,YPR183W,,
,,YPR186C,,
,,YPR187W,,
,,YPR190C,,
