YJR045C,174
YCL018W,156
YLR259C,168
YML064C,164
YBR127C,113
YPR110C,129
YBR072W,113
YJR121W,127
YBR020W,100
YMR106C,110
YGL137W,111
YDL029W,89
YFL039C,126
YDR388W,159
YBL099W,109
YBR196C,120
YDR394W,86
YNL064C,102
YLR180W,95
YDL126C,98
YMR205C,68
YFL037W,84
YHR030C,96
YML085C,79
YBR118W,105
YBR217W,91
YFR053C,95
YDL047W,86
YDL059C,67
YGR040W,79
YOL133W,102
YJL008C,75
YOL055C,93
YER133W,124
YNL189W,216
YER177W,99
YKL152C,89
YFR028C,97
YER171W,63
YDL017W,81
YBR017C,94
YKR026C,83
YPL204W,120
YBR160W,229
YBR055C,106
YHR135C,84
YDL200C,51
YPL235W,76
YGR092W,56
YLR044C,64
YOR212W,59
YOR181W,71
YMR049C,84
YGR262C,60
YMR059W,80
YER173W,43
YGL190C,66
YDR171W,61
YPL140C,52
YJL034W,65
YGR254W,67
YER179W,50
YPL240C,63
YDR142C,53
YLR291C,70
YJL130C,50
YDR523C,45
YGL206C,64
YJR077C,48
YOR351C,40
YCR002C,44
YDL043C,67
YGL048C,52
YGR240C,44
YDL225W,43
YDL055C,49
YPL061W,49
YJL173C,42
YDR128W,41
YDL145C,51
YNL135C,57
YDL229W,48
YCL040W,55
YPR111W,34
YJL098W,59
YLR175W,56
YML124C,37
YOR374W,39
YJL138C,44
YDR099W,71
YGL237C,57
YJL106W,36
YBR019C,45
YCR009C,41
YDL101C,55
YOL139C,54
YAL021C,40
YPL150W,31
YOL115W,39
YGL004C,42
YBR288C,28
YNR031C,35
YMR284W,25
YJL066C,46
YDR227W,34
YFL018C,49
YFL016C,32
YJL052W,44
YDR386W,57
YIL035C,97
YBR109C,84
YNL061W,61
YER091C,37
YNL290W,34
YJL128C,42
YMR186W,52
YNL244C,69
YOL094C,37
YIL066C,33
YGL163C,25
YER043C,40
YDL132W,67
YAR007C,37
YGL208W,26
YNL161W,44
YBL026W,72
YBL039C,37
YKL060C,41
YJL088W,58
YKL104C,40
YDR148C,41
YJR035W,40
YDR200C,27
YHR082C,57
YER110C,57
YLL019C,37
YDR075W,30
YOR151C,48
YPL259C,44
YIL142W,38
YCR088W,54
YER161C,42
YDR477W,49
YMR214W,29
YHR107C,45
YNL094W,43
YPL258C,43
YKR036C,33
YJL157C,29
YIL046W,34
YER012W,44
YMR001C,59
YAL015C,24
YKL103C,44
YPR178W,37
YOL062C,28
YNL071W,41
YOL126C,28
YMR108W,31
YBL075C,33
YBL007C,139
YGR282C,27
YBL030C,31
YHR027C,42
YJR091C,280
YNR001C,30
YMR117C,36
YDL188C,47
YKL035W,30
YBR198C,49
YJR009C,31
YHR169W,30
YIL075C,32
YNL113W,26
YLL011W,24
YGR155W,24
YDR502C,31
YDL147W,48
YDR190C,31
YLR355C,28
YML057W,23
YNL250W,32
YJL020C,95
YGL245W,28
YMR109W,78
YDR260C,22
YLR096W,58
YHR114W,176
YNL030W,75
YLR191W,97
YJR068W,32
YDR131C,19
YLR383W,37
YIL128W,23
YHL007C,33
YER165W,66
YDR143C,19
YPL031C,52
YLR288C,99
YPL149W,26
YDL164C,21
YDL134C,28
YPL022W,47
YNL311C,27
YGL158W,36
YLR196W,43
YPR054W,27
YHR020W,25
YGL003C,23
YJR090C,30
YOR061W,64
YML115C,20
YGL173C,52
YER125W,62
YGL081W,23
YOR136W,26
YKL193C,26
YIL061C,67
YDL185W,38
YNL230C,39
YCL064C,24
YKL081W,29
YER025W,26
YGR083C,23
YDR127W,25
YMR012W,35
YIL095W,32
YJR076C,37
YFR040W,29
YBR039W,23
YCR079W,30
YOR080W,45
YHR179W,22
YDL143W,25
YKL166C,27
YNL037C,20
YLR222C,29
YPL164C,15
YLR442C,32
YMR055C,19
YLR304C,24
YBR223C,15
YDL213C,64
YHR183W,23
YCR057C,64
YBR114W,36
YGR052W,39
YOR319W,24
YJR022W,75
YDR398W,30
YEL056W,20
YBR274W,34
YPL153C,36
YHR033W,20
YDL097C,32
YDR328C,72
YNL182C,21
YIL094C,25
YLR186W,19
YER017C,19
YBL056W,26
YKL095W,38
YKL129C,49
YLR314C,29
YLR097C,17
YIL148W,43
YLR216C,28
YPL203W,44
YMR047C,152
YJL111W,23
YJL141C,34
YCR077C,37
YDR267C,21
YHL034C,34
YOR259C,28
YER095W,32
YKL182W,24
YCL039W,24
YAR019C,14
YHR186C,25
YER082C,49
YJL095W,58
YDR212W,27
YJR062C,16
YDL179W,15
YHR200W,37
YDR004W,17
YNL106C,21
YOR261C,29
YLR074C,60
YOR272W,29
YLR229C,28
YKL145W,35
YGR103W,44
YER178W,28
YLR427W,35
YLL050C,25
YMR308C,59
YHR016C,72
YBR018C,22
YEL060C,20
YPR108W,26
YGL100W,30
YDR216W,32
YLR310C,71
YJL092W,20
YAL036C,18
YMR290C,29
YML095C,24
YBR103W,29
YNL128W,12
YOR089C,32
YKL078W,11
YDR138W,17
YFR052W,29
YKL130C,28
YGL116W,21
YJR007W,23
YER081W,96
YKL085W,24
YHR196W,18
YLR340W,23
YMR246W,18
YKL108W,22
YOR125C,13
YPR016C,52
YOR375C,18
YFR030W,14
YMR022W,14
YJL076W,34
YNL317W,26
YFR024C-A,86
YDR214W,16
YNL090W,16
YHR120W,10
YDR306C,16
YHR199C,21
YFR004W,29
YDR369C,15
YDR155C,29
YBR088C,26
YKR055W,19
YDR092W,16
YOL087C,22
YKR081C,50
YBL049W,22
YDL192W,23
YDL013W,20
YGR162W,41
YER100W,23
YOR133W,20
YKL161C,20
YHR197W,44
YBR200W,66
YOR341W,24
YIL106W,29
YML016C,23
YJR109C,15
YOR117W,27
YHR052W,36
YOR386W,10
YOR229W,18
YPL151C,22
YML058W,23
YDR480W,22
YNL085W,16
YKR048C,37
YCL028W,22
YJL187C,34
YDR188W,18
YDR113C,12
YBR126C,29
YOL100W,15
YER075C,13
YOR027W,20
YIL131C,34
YNL006W,26
YCR084C,21
YLR233C,34
YER059W,19
YER066C-A,12
YGR173W,13
YJL014W,19
YJL069C,35
YIL147C,13
YGR090W,59
YDR228C,24
YER118C,72
YDL220C,19
YDL025C,23
YDR488C,16
YDR129C,14
YDR030C,13
YLR238W,11
YOR119C,60
YLR423C,72
YCL037C,27
YEL030W,18
YFL045C,14
YCR014C,12
YBR247C,35
YHL030W,21
YNL053W,16
YBL085W,67
YLR447C,95
YDR076W,9
YGR086C,17
YPL093W,39
YLR347C,60
YHR166C,25
YJL005W,19
YOR005C,23
YDR499W,16
YGL115W,28
YNL055C,19
YML112W,13
YER103W,21
YBL021C,12
YKL139W,21
YLR295C,125
YPR154W,76
YBL045C,17
YPL043W,41
YKL189W,12
YNL025C,35
YDR419W,11
YNL271C,20
YHR188C,20
YNR016C,18
YPR160W,18
YNL183C,22
YOL128C,16
YMR032W,69
YLL026W,20
YPL194W,14
YAR014C,65
YJR017C,25
YJR053W,15
YLR148W,19
YMR066W,26
YMR226C,12
YJR072C,13
YKL210W,16
YMR116C,25
YDL155W,33
YPL049C,20
YBR011C,21
YOR276W,13
YGR232W,26
YPL070W,33
YGR097W,22
YPR115W,30
YOL054W,27
YBR130C,17
YOR232W,19
YGR218W,66
YLR438W,17
YFL033C,14
YDR217C,12
YIL007C,17
YER021W,20
YJR064W,15
YGL008C,15
YOR174W,25
YCL027W,67
YJL164C,24
YDR032C,13
YBR155W,15
YNL307C,47
YNL132W,32
YFL038C,25
YNL175C,26
YLR293C,29
YDR427W,25
YOR230W,14
YOR047C,42
YGL062W,12
YMR105C,15
YDL160C,20
YOR267C,37
YBR136W,21
YNL012W,10
YGR267C,13
YLL013C,17
YGL253W,12
YIR005W,16
YLR320W,11
YEL037C,36
YMR137C,13
YBR085W,12
YFR021W,24
YEL051W,19
YGR094W,13
YCR001W,10
YHL002W,56
YJR052W,11
YDL007W,18
YDR365C,23
YDR247W,36
YPR017C,15
YEL034W,15
YBR234C,23
YDR283C,18
YOR284W,18
YPR191W,17
YGL234W,16
YGR123C,17
YER006W,23
YML109W,34
YOR098C,45
YJL026W,16
YPL262W,8
YDR062W,18
YDR277C,21
YOR014W,37
YER112W,45
YLR058C,13
YNL236W,29
YNL032W,13
YNL138W,20
YDR225W,37
YGL035C,16
YBR208C,8
YMR139W,37
YML123C,28
YGL195W,24
YLR337C,16
YBR069C,28
YFL034C-B,15
YLR453C,78
YOR231W,16
YLR016C,10
YOL113W,14
YDL014W,33
YFR016C,11
YML032C,12
YBL036C,13
YDR170C,27
YHR165C,40
YGR136W,48
YNL088W,23
YER022W,109
YCR092C,13
YNL110C,33
YDL193W,14
YLR147C,43
YER117W,15
YBR169C,14
YBR059C,21
YLR262C,18
YNL312W,16
YNL323W,13
YEL015W,23
YDR097C,22
YPL042C,32
YCR093W,25
YLR429W,12
YPR119W,29
YGL181W,44
YGR184C,13
YHR014W,8
YPR010C,22
YPR093C,13
YBR098W,8
YMR319C,18
YHR066W,30
YMR093W,16
YMR036C,17
YDL116W,34
YNL007C,16
YGR067C,11
YER114C,46
YOL041C,30
YBR264C,12
YGL019W,36
YBR272C,23
YMR201C,17
YNL243W,16
YJL153C,12
YPR171W,18
YDR453C,9
YLR006C,12
YER155C,24
YDL042C,26
YOL108C,24
YMR104C,17
YCL031C,17
YDR192C,31
YKL068W,35
YPL004C,14
YJR066W,28
YHR102W,22
YDR342C,17
YJL090C,12
YCL043C,15
YDR339C,6
YGL049C,22
YGR258C,8
YAL040C,12
YGR119C,39
YAL016W,22
YER167W,14
YLR433C,19
YOR332W,16
YLR421C,12
YIL033C,16
YHR070W,5
YLR019W,17
YPR182W,35
YDR266C,9
YKL056C,12
YPL111W,14
YGR188C,10
YHR119W,15
YDR381W,22
YOR269W,13
YNL014W,10
YBR108W,16
YFR010W,16
YGL016W,10
YIR003W,17
YER020W,16
YMR058W,36
YPR015C,9
YER032W,21
YBR175W,22
YMR094W,11
YER146W,36
YLR403W,11
YIL125W,14
YGL120C,28
YKL080W,9
YPR018W,12
YJL124C,45
YGL111W,18
YER023W,8
YDL140C,43
YOR039W,33
YAR003W,19
YNL084C,18
YIL053W,13
YDR224C,24
YPL256C,20
YOL123W,22
YDL239C,36
YIL070C,21
YAL017W,12
YGL201C,20
YMR303C,14
YOR362C,19
YDL117W,44
YPR086W,116
YGL131C,7
YIL144W,34
YDR219C,5
YAL041W,29
YER041W,10
YBR142W,24
YNL118C,40
YDR060W,29
YMR199W,15
YJL081C,18
YOR020C,9
YDL175C,17
YGR268C,15
YDL156W,11
YIL156W,16
YMR167W,14
YDR507C,18
YOL082W,22
YER054C,17
YPL012W,20
YER148W,37
YGL060W,13
YPL124W,24
YBR203W,8
YIL021W,26
YHR099W,42
YLR268W,25
YMR240C,24
YMR159C,14
YFR031C,12
YDR496C,19
YER142C,22
YPL126W,15
YFL008W,24
YER129W,16
YOR116C,27
YHR112C,5
YOR326W,23
YJL117W,46
YCL059C,34
YMR125W,39
YJR104C,9
YDR034C,61
YLR134W,11
YHR170W,16
YPR088C,14
YLR078C,26
YDL138W,17
YBL002W,34
YNL287W,17
YLR258W,17
YNL180C,11
YPL026C,11
YDR211W,17
YLR352W,7
YAL029C,16
YNL308C,15
YNL116W,16
YGR234W,12
YLR306W,7
YKL067W,8
YLR247C,9
YOL045W,7
YDR343C,13
YFR015C,16
YAR002W,13
YLR362W,20
YBL105C,23
YGL197W,13
YJL203W,21
YBL016W,30
YDL052C,12
YDR316W,11
YCR076C,6
YER126C,22
YBR010W,19
YPR181C,22
YPL078C,9
YKL048C,9
YOR317W,9
YNL229C,14
YJL074C,23
YLR113W,26
YNR053C,18
YKL011C,8
YBR218C,7
YDR510W,27
YJR083C,12
YJL199C,11
YDR239C,9
YDR028C,8
YAL002W,8
YLR430W,9
YML074C,12
YDL100C,35
YGL105W,9
YDL028C,34
YCR086W,25
YOR329C,11
YDR174W,15
YML126C,8
YNR047W,11
YMR304W,24
YFL017W-A,33
YLL021W,17
YHR089C,22
YOL078W,11
YNL207W,28
YBL004W,23
YOR210W,16
YNL107W,20
YOL012C,20
YML028W,14
YOR260W,12
YDL208W,20
YCL024W,11
YGL127C,71
YDR146C,19
YNL147W,22
YLR106C,12
YNL298W,22
YKL018W,17
YDR439W,9
YIL143C,12
YOL090W,20
YER172C,27
YOL145C,20
YNL127W,15
YLR197W,16
YNL002C,16
YOR206W,17
YGL026C,5
YDR335W,24
YLR335W,19
YJR063W,27
YIL079C,10
YAR018C,19
YFR051C,14
YNR035C,12
YJR110W,14
YHR064C,12
YAL005C,15
YPL139C,10
YMR291W,9
YFR001W,7
YOL135C,33
YLR354C,9
YDR226W,8
YIL113W,8
YPL115C,15
YPR159W,11
YER138C,7
YDR023W,9
YHR193C,7
YBR280C,7
YGR002C,22
YIL045W,13
YDR037W,6
YDR167W,35
YJR138W,17
YKL010C,8
YER062C,8
YLR432W,13
YPR137W,11
YGR252W,18
YJL194W,16
YBR079C,23
YBL076C,8
YPL178W,21
YIL076W,10
YLR144C,10
YNL047C,13
YMR061W,22
YLR309C,7
YCR094W,5
YIL159W,14
YJL058C,14
YBL103C,19
YOR128C,23
YNR052C,24
YGL256W,8
YGL202W,7
YNL093W,17
YLR438C-A,29
YIL105C,14
YJR139C,5
YHR158C,20
YGR091W,31
YPL242C,11
YML048W,60
YDR311W,32
YJR059W,10
YKL016C,7
YDR334W,16
YOL004W,35
YGR087C,8
YLR109W,9
YKR046C,4
YDR422C,13
YGR104C,29
YBR135W,24
YHR152W,18
YOR339C,4
YLR248W,7
YCR005C,6
YML092C,31
YHR084W,11
YHR137W,9
YMR192W,11
YBR154C,18
YOR304W,11
YFL010C,8
YJR132W,16
YLR386W,19
YGL172W,25
YAL035W,18
YGR144W,7
YDR122W,19
YBL104C,9
YDR298C,5
YLR079W,14
YDR448W,34
YMR198W,7
YBR176W,7
YPR030W,8
YOL149W,20
YPL074W,7
YLR182W,11
YJR065C,11
YBR082C,7
YLR208W,20
YMR229C,14
YBR205W,12
YKR017C,5
YDR087C,12
YDR130C,8
YJL033W,19
YPR187W,13
YOR224C,16
YNL044W,21
YJL041W,24
YIL063C,10
YKL211C,5
YKL171W,16
YGR274C,30
YDL065C,27
YJL044C,8
YLL034C,7
YDR162C,26
YPR103W,24
YBR221C,18
YOR178C,13
YNL284C,28
YPL237W,12
YMR287C,5
YGR161C,8
YPL038W,16
YPL169C,14
YJR159W,7
YML056C,10
YLR372W,78
YBL047C,14
YMR273C,16
YLR245C,5
YMR153W,28
YGL229C,16
YLR449W,11
YDR353W,10
YDL002C,17
YOL077C,10
YER136W,16
YJR033C,8
YLR002C,11
YKR028W,8
YLR328W,8
YKL073W,4
YMR309C,20
YBR152W,19
YMR276W,13
YNL313C,7
YLR127C,15
YGL178W,9
YAL032C,22
YKL173W,27
YMR138W,6
YDR238C,12
YKL021C,7
YER132C,9
YMR102C,8
YDL006W,10
YOR233W,9
YGL070C,56
YCL014W,12
YOR207C,13
YBR275C,11
YIR026C,15
YBR106W,105
YLR424W,18
YDL113C,9
YKL009W,9
YLL028W,40
YHR086W,22
YLR425W,8
YCR012W,10
YAL027W,9
YIL004C,19
YDL060W,18
YDL181W,8
YDR259C,26
YBR143C,21
YMR314W,16
YMR054W,15
YKL203C,16
YPR120C,25
YCR087W,5
YBR159W,101
YOR191W,10
YGR058W,9
YFL024C,13
YLR319C,9
YNL157W,9
YJR042W,16
YBR080C,4
YKL014C,11
YHR076W,8
YCL032W,36
YDR460W,5
YKR002W,19
YDL246C,6
YHR216W,9
YBR270C,22
YPR020W,8
YBR025C,8
YGL112C,35
YDL108W,11
YLR082C,7
YJR115W,7
YPL255W,14
YKR010C,11
YBL015W,4
YMR146C,12
YBR150C,3
YPL180W,14
YHL004W,36
YCL030C,5
YLR059C,6
YGL130W,20
YER052C,11
YPR104C,8
Q0085,7
YPL271W,3
YOL058W,3
YLR131C,9
YDR466W,15
YDR473C,12
YDL159W,14
YGR278W,9
YJL080C,10
YDR324C,9
YNR010W,11
YJL109C,15
YJL061W,15
YIL038C,13
YNL331C,6
YPR025C,12
YOL086C,22
YDR110W,11
YDL190C,13
YGL156W,7
YPL141C,17
YDR301W,17
YHR140W,60
YGL011C,21
YNL154C,11
YPR121W,5
YGR245C,18
YHL018W,7
YDR377W,6
YJR093C,18
YIL115C,13
YOL070C,12
YML068W,4
YCL011C,17
YHR133C,31
YHR184W,5
YEL013W,10
YML081C-A,6
YLR370C,9
YNR019W,8
YKL029C,5
YDR052C,7
YOR177C,8
YOR302W,9
YNL206C,8
YAL003W,3
YDR429C,15
YGL092W,20
YKL135C,12
YBL022C,5
YKL204W,5
YBR260C,10
YBR049C,12
YOR109W,9
YBR125C,7
YDR195W,17
YDR085C,7
YBR095C,8
YGR192C,9
YNL092W,29
YJR070C,6
YLR342W,23
YNL152W,7
YLR263W,10
YER007W,6
YNL023C,7
YLR086W,9
YEL066W,6
YBR083W,7
YGR238C,8
YKL008C,27
YER094C,9
YBR087W,13
YMR145C,3
YPL218W,9
YDR331W,58
YNL201C,18
YLL008W,13
YJR144W,12
YDL031W,10
YPL076W,62
YDR229W,10
YHR018C,3
YJL042W,5
YPR175W,10
YBR137W,6
YJL087C,5
YOR353C,7
YLL023C,24
YOR270C,13
YOR361C,19
YOR244W,14
YGR280C,8
YKL144C,15
YDR356W,16
YNL265C,14
YIR001C,14
YOR308C,16
YER009W,12
YMR162C,6
YHR022C,5
YLR377C,5
YER120W,14
YDL005C,26
YER029C,23
YPL211W,11
YEL055C,8
YNL333W,8
YDR165W,4
YGL179C,6
YKL214C,7
YBR252W,5
YNL315C,3
YML006C,11
YPR193C,5
YDL204W,6
YKL172W,10
YLR192C,8
YDL224C,4
YJR056C,4
YGL207W,19
YGR202C,3
YDL139C,6
YLR284C,5
YDL087C,23
YLR105C,8
YPL129W,15
YHR111W,4
YIL124W,4
YDR103W,11
YDR322C-A,2
YDL004W,2
Q0130,2
Q0080,2
YGR135W,11
YBR195C,10
YOR335C,4
YBR253W,31
YER070W,4
YBL005W,5
YMR241W,4
YPL249C,8
YGL104C,26
YJL047C,14
YNL056W,6
YOL069W,26
YOR057W,9
YDR436W,10
YDR378C,21
YMR080C,17
YJL151C,8
YOR294W,11
YGL040C,3
YFL014W,4
YLR371W,11
YJL218W,4
YHR065C,3
YLR153C,5
YPL089C,5
YNL176C,7
YPR040W,10
YER040W,10
YNL101W,27
YPL249C-A,4
YPR041W,23
YLR289W,5
YKR095W,5
YOR265W,4
YDR206W,13
YDR382W,10
YGL238W,7
YGR095C,17
YDR202C,6
YJL167W,6
YJL140W,14
YNL223W,4
YDR482C,5
YBR133C,9
YCR073C,9
YGL090W,10
YGL122C,10
YNL139C,8
YBL051C,7
YNR032W,8
YNL076W,11
YKL065C,50
YER047C,11
YNR007C,8
YDR054C,8
YPR091C,4
YLL018C,6
YKL013C,9
YLR373C,31
YDR139C,7
YCL008C,11
YGR130C,7
YLR115W,19
YDR309C,17
YMR216C,13
YIR009W,26
YLR249W,10
YNL020C,15
YIR006C,12
YHR098C,8
YKL140W,4
YLR267W,6
YGR060W,51
YER086W,13
YDR001C,4
YNR064C,10
YML065W,11
YCL054W,9
YAL043C,19
YDL230W,9
YBR170C,6
YGL200C,45
YFL022C,6
YPL160W,4
YKL002W,40
YER164W,11
YFR034C,13
YCR034W,64
YBL050W,37
YDR465C,5
YHR035W,4
YJR010C-A,40
YKL215C,3
YPR124W,10
YMR068W,9
YBR132C,6
YFR050C,14
YDL015C,38
YHR025W,2
YGL221C,2
YPL246C,8
YGR099W,4
YMR028W,5
YHR023W,11
YPR019W,12
YPL010W,6
YIL022W,6
YIR034C,7
YCR066W,7
YDR022C,6
YDR176W,26
YLR321C,11
YKL059C,16
YBL032W,15
YNL166C,8
YCR030C,15
YOR001W,10
YHR019C,8
YBR227C,2
YOR017W,9
YFL059W,10
YLR446W,8
YBL008W,8
YDL146W,8
YDL030W,24
YDR080W,10
YFL009W,11
YPR032W,6
YPL236C,3
YGL213C,11
YMR270C,10
YLR024C,3
YLR103C,8
YOL038W,12
YMR056C,5
YGR186W,10
YAL024C,5
YDR101C,18
YER122C,8
YBR089C-A,17
YCL048W,3
YBL003C,6
YML099C,9
YEL048C,5
YNL288W,13
YGR074W,24
YLR277C,18
YPR072W,13
YBL027W,5
YGR241C,9
YKL117W,5
YHR026W,33
YOR142W,2
YDR293C,3
YML111W,8
YJR092W,5
YBR249C,5
YOR176W,9
YOL083W,13
YOR380W,4
YBR073W,4
YER033C,6
YKR025W,6
YPL161C,21
YEL021W,3
YDR299W,11
YPL032C,6
YDR416W,16
YAL007C,25
YBL025W,10
YKL126W,11
YDR430C,6
YJL084C,7
YPR008W,5
YDL079C,5
YDL105W,8
YPR049C,5
YGR233C,8
YDL130W,15
YNL042W,6
YBL034C,4
YHL048W,47
YOR122C,6
YPR010C-A,8
YJR105W,4
YDL137W,5
YNL078W,13
YML007W,14
YBR101C,14
YBR193C,16
YBR050C,4
YDL153C,33
YKL143W,10
YBR267W,5
YGL246C,3
YNR003C,15
YGR193C,6
YDR404C,17
YBR245C,20
YHR039C-A,7
YAL018C,11
YPR081C,5
YOR042W,5
YBR251W,36
YGR005C,10
YOL091W,6
YGR156W,14
YER008C,9
YHR185C,4
YPR023C,11
YBL093C,25
YMR215W,44
YDR271C,9
YGR180C,10
YKL054C,3
YER027C,8
YER003C,2
YNL124W,8
YNL015W,5
YGL144C,5
YOR159C,16
YGR109C,8
YGR145W,10
YBR081C,22
YNR017W,10
YLR187W,3
YNL218W,7
YKL198C,13
YGR159C,5
YPR190C,8
YDR443C,14
YHR205W,3
YLR081W,4
YGR020C,14
YOR208W,7
YBL058W,6
YNL216W,8
YIL132C,8
YGL134W,12
YBR239C,7
YML041C,9
R0020C,3
YGL220W,8
YKL205W,9
YPL248C,16
YOR315W,7
YDR264C,10
YMR092C,7
YNR012W,10
YOR227W,4
YER077C,5
YHR088W,9
YDR432W,13
YKR014C,10
YER090W,5
YOL036W,6
YLR190W,6
YNL199C,9
YBR094W,7
YDR243C,7
YBR110W,33
YDR201W,14
YCR087C-A,5
YFR013W,7
YBR102C,13
YGR037C,8
YJL143W,5
YAL031C,3
YDR141C,4
YLR275W,17
YOR254C,22
YBL023C,14
YOR016C,42
YDR463W,4
YOR127W,12
YKR027W,4
YDR522C,2
YLR206W,7
YHR061C,13
YAL047C,15
YLR035C,8
YKL116C,5
YKL042W,11
YDR409W,6
YMR052W,9
YEL002C,38
YIL016W,41
YLL040C,6
YNL239W,4
YAL059W,8
YOR358W,9
YPR107C,14
YLR324W,10
YJR131W,4
YER093C,8
YOR349W,3
YHR178W,14
YDL127W,5
YBL041W,9
YGR048W,8
YCR053W,4
YOR201C,9
YPR106W,14
YBR084W,21
YLR215C,7
YGL121C,7
YEL063C,48
YLL024C,13
YDR194C,8
YGR080W,7
YKL001C,4
YHR041C,31
YER111C,6
YER127W,7
YPL028W,5
YLR005W,5
YOR036W,17
YCL034W,4
YOR185C,10
YNL148C,3
YHR005C,15
YAR031W,9
YNR069C,6
YPL174C,15
YPL110C,9
YLL010C,2
YDL226C,16
YGR142W,4
YDR412W,3
YBR036C,40
YPR074C,3
YHL035C,5
YGL215W,6
YPL082C,13
YIL008W,6
YLR100W,3
YHR038W,3
YKL213C,6
YML049C,16
YGR204W,6
YGR066C,4
YML091C,9
YLR009W,5
YPR003C,5
YDR321W,4
YPR055W,6
YOR355W,15
YDL148C,6
YKL154W,35
YMR236W,18
YJL180C,3
YOR290C,19
YDL051W,9
YMR005W,7
YCL025C,36
YNL262W,13
YOL005C,9
YKR021W,6
YNL086W,11
YPR183W,5
YGR203W,6
YJR133W,4
YMR024W,7
YDR100W,9
YJL011C,6
YGR229C,5
YDR395W,12
YNL079C,3
YDL165W,16
YNL172W,11
YFR009W,6
YDR318W,40
YBL079W,6
YDR158W,4
YCR008W,5
YGR253C,8
YDL195W,16
YBR271W,2
YBL066C,7
YPL264C,36
YFR002W,13
YOL021C,17
YGR270W,5
YDR240C,10
YBR120C,3
YOL102C,7
YPL217C,6
YPL181W,10
YMR275C,5
YOR110W,9
YDL171C,5
YBR045C,6
YIL062C,6
YJR112W,17
YDR071C,6
YGL097W,9
YGR284C,38
YDR280W,18
YPL084W,9
YLR452C,19
YHL023C,5
YIL050W,8
YER107C,8
YBR281C,5
YGL240W,10
YFR049W,10
YCL029C,6
YEL009C,16
YBR225W,5
YCL051W,4
YJL001W,10
YKL101W,8
YPR165W,19
YOR367W,2
YLR243W,4
YNL214W,7
YPL135W,2
YBR171W,11
YDL064W,7
YCR027C,3
YMR026C,9
YLR409C,8
YDL212W,46
YOL006C,15
YNL330C,21
YPL214C,2
YPL016W,16
YMR124W,12
YKL061W,9
YMR297W,5
YHR008C,4
YDR002W,7
YGL153W,17
YGL037C,4
YDR389W,5
YMR078C,8
YML022W,4
YGL151W,8
YDL150W,6
YOR220W,6
YDR515W,4
YGR239C,10
YAL012W,5
YMR307W,5
YER116C,3
YGR024C,5
YCR035C,9
YKR082W,11
YMR120C,2
YLR223C,6
YKL057C,15
YER049W,6
YKL022C,13
YNR058W,8
YPL267W,3
YGR116W,7
YBR121C,3
YHR113W,4
YGR117C,3
YGR264C,4
YFR008W,8
YDL070W,7
YIL112W,9
YFL042C,3
YDR363W-A,6
YGR296W,4
YDR490C,10
YKR001C,16
YPL037C,3
YJL195C,2
YHR164C,5
YJL039C,7
YOL051W,23
YIL154C,4
YJR141W,6
YER002W,3
YNL260C,6
YAL011W,12
YBR187W,5
YML042W,10
YNL248C,2
YLL048C,6
YGR227W,5
YOR188W,4
YIL078W,4
YLL001W,6
YLR027C,3
YOR204W,4
YMR223W,10
YGR158C,11
YMR311C,4
YJL196C,31
YKL218C,2
YHR191C,7
YBR183W,34
YPR082C,8
YJR117W,37
YER031C,14
YHR011W,5
YPR137C-B,6
YFL002C,4
YDR449C,8
YKL012W,14
YEL032W,9
YLR117C,23
YGL099W,14
YJL004C,17
YBR211C,7
YBR290W,36
YGR195W,16
YOR043W,9
YNL001W,5
YNL151C,3
YLR368W,11
YOR104W,3
YPL125W,6
YKR101W,7
YDR285W,5
YPR047W,3
YLR394W,7
YIL034C,17
YDR235W,12
YLR436C,3
YPL192C,4
YEL023C,5
YML046W,12
YHR156C,6
YOR026W,6
YMR172W,6
YBR140C,5
YMR021C,4
YPL001W,9
YBR093C,7
YJR134C,4
YDR168W,5
YDR017C,2
YCR072C,8
YKL112W,5
YGR013W,18
YGL198W,21
YCL063W,8
YKR024C,6
YHR044C,4
YER158C,7
YGR260W,38
YIR023W,5
YMR253C,4
YBR035C,2
YGR049W,3
YOL001W,8
YHR073W,5
YDR414C,42
YPR069C,3
YDL161W,6
YFL054C,2
YPL014W,4
YMR285C,2
YOR144C,4
YPR184W,6
YGL075C,6
YLR385C,7
YML010W,15
YGR098C,3
YDL053C,9
YHR143W-A,6
YOR155C,5
YBR138C,3
YDR027C,8
YBR119W,18
YHR124W,2
YHL042W,42
YKL212W,15
YML034W,4
YMR003W,3
YER068W,9
YPL036W,5
YJR061W,4
YKL074C,10
YLL042C,2
YGL044C,22
YGR249W,10
YOR081C,3
YDR297W,27
YHR013C,7
YCR099C,8
YLR313C,6
YGR010W,6
YHR198C,2
YOR303W,8
YLR399C,11
YFR003C,7
YJR029W,2
YDR362C,3
YGL226W,2
YDR073W,5
YKR030W,8
YGR172C,21
YER078C,7
YOR093C,3
YML051W,3
YBR228W,3
YML078W,1
YLR070C,1
YBL112C,1
YER115C,7
YAL010C,4
YDR500C,3
YGR250C,6
YFR017C,5
YIR002C,9
YHR060W,11
YDR337W,7
YGL106W,8
YPL137C,2
YBR202W,6
YOR197W,9
YEL069C,3
YPL213W,12
YFR036W,12
YDR164C,7
YDL080C,5
YER159C-A,4
YBL101C,4
YKL062W,4
YML015C,10
YDR359C,8
YNL263C,18
YKR067W,2
YHR128W,7
YEL062W,6
YPL152W,6
YLR129W,5
YNL016W,20
YDR307W,24
YBL088C,7
YNL102W,10
YOR299W,20
YJL085W,3
YPR067W,1
YNL039W,6
YER079W,4
YDL124W,2
YBR129C,2
YAR008W,5
YKR096W,6
YLR276C,7
YMR100W,2
YKR007W,5
YBR112C,11
YGL051W,32
YKL127W,4
YHR108W,4
YKL113C,6
YDL149W,5
YKR091W,4
YPL209C,9
YDR244W,8
YDR383C,10
YJR057W,4
YHL027W,7
YKL023W,11
YLR457C,7
YDR091C,8
YGR220C,32
YBR184W,3
YPL088W,3
YDR533C,3
YOR388C,4
YHR069C,12
YDR279W,5
YLR264W,9
YDR372C,6
YIL136W,2
YGR054W,8
YFL029C,5
YDR348C,5
YBL035C,10
YGR014W,10
YLR224W,3
YDR484W,9
YLL027W,4
YOR086C,2
YLR413W,4
YDR313C,5
YOR195W,5
YNL257C,2
YGL244W,10
YJL133W,3
YDR010C,4
YML055W,4
YER151C,6
YML008C,9
YHR079C-A,3
YDL214C,7
YNR048W,2
YBL017C,5
YMR234W,4
YNL232W,12
YGL166W,8
YAL019W,6
YFR027W,5
YMR213W,23
YNL013C,4
YOR281C,4
YPR167C,1
YML020W,1
YLR271W,1
YKR051W,1
YGR266W,1
YEL046C,3
YML062C,5
YKL157W,5
YER065C,2
YDL203C,8
YMR232W,5
YLR350W,6
YDR516C,5
YOL117W,4
YPL266W,5
YOR004W,2
YOR167C,11
YOR310C,7
YNL181W,1
YEL026W,5
YGR178C,8
YPL158C,6
YAR073W,3
YCR022C,2
YBR014C,5
YDL178W,2
YBR028C,6
YGR134W,9
YLR345W,7
YDR145W,12
YJL068C,4
YAL028W,4
YPR164W,4
YBL009W,10
YDR497C,8
YGR070W,2
YIL026C,8
YNL215W,2
YPL227C,24
YBR279W,12
YOR157C,11
YPL106C,5
YLR219W,3
YOR160W,9
YJR002W,8
YPL083C,5
YNL058C,4
YBR054W,15
YGL216W,4
YJR089W,5
YOR247W,5
YKL082C,9
YIL138C,1
YIL122W,3
YEL017C-A,26
YNL241C,2
YOR078W,5
YKR054C,7
YFL061W,2
YDR256C,4
YIL068C,7
YML098W,13
YER123W,5
YMR149W,33
YFL013C,5
YNL068C,6
YBR166C,2
YDR528W,3
YBL106C,13
YOR187W,4
YGL175C,3
YPR141C,9
YPR095C,1
YPL135C-A,1
YCL036W,1
YBR163W,1
YLR055C,7
YMR268C,7
YFL017C,8
YLR300W,2
YHR161C,9
YHL009C,2
YOR324C,8
YJR019C,3
YOL148C,12
YER016W,4
YEL050C,2
YOR156C,6
YJR032W,5
YGL074C,1
YCR091W,2
YLR292C,21
YLL036C,14
YML088W,4
YOR179C,5
YJR037W,3
YMR196W,2
YFR019W,3
YLR397C,5
YGL189C,5
YKL150W,3
YHR171W,8
YDR069C,7
YOL033W,2
YOL132W,27
YOR083W,5
YDR341C,3
YML102W,7
YDR049W,2
YLL005C,6
YNL027W,7
YLR154C,3
YGR108W,5
YGR285C,11
YMR267W,4
YGR154C,2
YLR384C,13
YGL087C,5
YLR116W,19
YDR444W,2
YBR283C,22
YOR264W,28
YJL060W,2
YDR295C,10
YOL063C,5
YNL278W,2
YLR401C,2
YML103C,5
YLR064W,4
YIR011C,2
YLR071C,12
YMR147W,7
YML075C,19
YOR037W,7
YPR143W,4
YML069W,7
YHR068W,3
YPR132W,8
YBR122C,5
YHR142W,25
YCR042C,8
YDR475C,2
YDL019C,4
YGR078C,5
YLR418C,11
YAL034C,5
YOR368W,6
YDR005C,5
YIL118W,8
YBL037W,6
YPR156C,23
YDL081C,9
YPR028W,27
YBR289W,16
YOR073W,3
YFR047C,4
YOR370C,8
YNL169C,3
YHR149C,5
YGL068W,4
YGR035C,5
YPR174C,4
YCL026C-A,5
YHR160C,3
YPL155C,4
YML121W,7
YGR211W,4
YMR128W,10
YBR038W,5
YOR389W,4
YHR121W,8
YNL272C,4
YBR001C,3
YMR313C,4
YIL149C,4
YGL171W,4
YLR298C,14
YGL061C,19
YDR308C,12
YHL011C,6
YMR190C,6
YHR096C,7
YGL063W,3
YGR085C,2
YBR149W,3
YDR207C,13
YHR172W,8
YOR046C,7
YLR210W,5
YLR045C,5
YLR150W,5
YGL227W,3
YOR190W,4
YPR034W,4
YGR221C,3
YBR060C,8
YDR055W,1
YGR210C,4
YPL215W,5
YLR052W,7
YCR040W,8
YDL089W,7
YER160C,6
YGL096W,4
YAL034W-A,5
YGL124C,6
YNL334C,6
YOR372C,3
YHL032C,3
YFR046C,3
YDR320C,3
YDL219W,2
YGR279C,2
YPL277C,3
YDR150W,10
YDR289C,2
YGL174W,5
YHR208W,3
YBR034C,9
YPR188C,4
YLR346C,1
YOR075W,8
YBL064C,4
YNL187W,3
YFL023W,5
YGL254W,5
YPL226W,2
YPL048W,1
YDL154W,9
YGL161C,20
YGR187C,5
YOL010W,6
YDL066W,4
YLR031W,2
YGR120C,19
YNL309W,4
YDR251W,4
YNL004W,8
YHR118C,7
YOL130W,7
YDR303C,6
YER113C,4
YMR315W,3
YHR058C,13
YDR379W,3
YNL103W,9
YOL081W,3
YDL189W,2
YLR102C,10
YLR426W,5
YOR250C,8
YNL208W,2
YIL173W,4
YPL274W,22
YPL269W,3
YER105C,10
YJL002C,20
YGR163W,8
YLR331C,2
YMR086W,2
YPR144C,5
YLR018C,20
YDL063C,3
YGR152C,6
YJR054W,2
YPL219W,4
YKR029C,10
YMR129W,5
YHR201C,2
YBL001C,4
YDL106C,4
YOR101W,6
YEL077C,2
YLR128W,4
YOR090C,6
YGL078C,1
YML027W,2
YNL321W,4
YGR003W,3
YKL195W,4
YJL207C,2
YMR239C,2
YBR214W,2
YOR058C,2
YDR123C,3
YML036W,7
YMR288W,10
YBR099C,2
YJL107C,3
YBR278W,9
YGL241W,6
YJL110C,7
YGR196C,7
YNR071C,5
YGL066W,9
YMR295C,5
YDR006C,2
YKR090W,3
YNL222W,5
YDR074W,8
YHR148W,7
YJL100W,3
YPL011C,8
YER162C,7
YBR254C,14
YDR009W,2
YGL150C,4
YDR044W,3
YOL127W,3
YKL120W,6
YFL030W,4
YMR014W,2
YLL003W,3
YNR041C,4
YER057C,2
YDL008W,11
YFL007W,4
YGR113W,16
YJL030W,10
YCL052C,14
YIL028W,2
YOR285W,7
YGR111W,3
YOL131W,13
YLR241W,16
YEL043W,10
YMR302C,3
YIL065C,5
YAL062W,2
YNL035C,2
YAL054C,3
YJR021C,2
YJL012C,11
YLR211C,2
YLR163C,7
YKL043W,2
YIL018W,12
YER106W,2
YDR399W,2
YNL160W,2
YPL127C,3
YOR141C,2
YFR037C,16
YEL068C,6
YIL031W,2
YNL024C,2
YNL233W,3
YKL168C,4
YKL175W,4
YJL102W,2
YPR198W,19
YJL200C,1
YIL001W,1
YBR078W,1
YBR007C,1
YGR059W,3
YDR172W,13
YOR069W,8
YBL038W,22
YER026C,18
YNL112W,7
YLR067C,7
YAL014C,2
YJR010W,2
YPL187W,4
YJR113C,8
YCR004C,4
YBR003W,4
YHR110W,17
YFL047W,4
YJL201W,3
YDR118W,10
YDR456W,18
YDR428C,2
YOR066W,3
YCR024C-A,15
YKR086W,19
YGR061C,2
YAR002C-A,6
YOR314W,4
YOR018W,4
YPL154C,4
YKR077W,2
YDR093W,2
YIL074C,5
YDL098C,7
YPL003W,5
YER156C,4
YKL007W,8
YNL049C,7
YGL205W,3
YHL022C,3
YKL088W,5
YLR183C,3
YKR105C,4
YJR094C,4
YIL048W,7
YMR156C,3
YOR032C,2
YGR166W,5
YIL160C,4
YIL140W,4
YDL090C,2
YGR146C,3
YCL009C,4
YHR100C,1
YBR287W,2
YER010C,2
YGR082W,8
YPR062W,1
YLR303W,1
YLR209C,1
YKL069W,1
YGR088W,1
YDR487C,1
YDL236W,1
YNL131W,7
YLR177W,3
YDR152W,3
YGR009C,12
YLR269C,3
YLR254C,5
YMR112C,7
YHR129C,7
YER143W,6
YHR072W-A,4
YJR058C,5
YDR173C,3
YOR028C,11
YPR042C,1
YGR256W,2
YDL172C,3
YPL220W,3
YMR235C,11
YOR184W,4
YBR207W,9
YMR255W,7
YKR060W,5
YOL093W,4
YMR200W,4
YFL041W,17
YCL046W,4
YHL003C,15
YBR066C,2
YJL115W,11
YGL225W,4
YJL215C,2
YOR006C,2
YOR076C,14
YOR214C,2
YOR313C,1
YLR231C,1
YKL039W,1
YIL041W,1
YFR057W,1
YCR050C,1
YNL077W,5
YPR161C,12
YOR215C,2
YML119W,3
YDL054C,16
YDR098C,4
YHR115C,8
YDR300C,6
YLR343W,13
YCR065W,2
YNL285W,3
YHR174W,10
YJL010C,3
YCL035C,3
YLR051C,4
YIL047C,3
YPL018W,9
YLR392C,3
YKR089C,2
YMR269W,1
YER186C,1
YNL197C,1
YHR159W,2
YMR197C,13
YPL250C,1
YNL339C,1
YLR278C,1
YKR078W,1
YKL185W,1
YIR031C,1
YIL101C,1
YHL050C,1
YGL235W,1
YEL065W,1
YDR501W,1
YDR223W,1
YBL013W,1
YER124C,6
YNL144C,2
YCL045C,2
YPL222W,4
YAR027W,37
YOR056C,6
YER174C,3
YOR257W,8
YLR025W,9
YJR086W,4
YOR120W,1
YDL078C,1
YOR217W,4
YAR042W,5
YNL293W,3
YKL216W,2
YKL045W,5
YCR081W,8
YPL171C,1
YBL108W,1
YEL024W,1
YLR212C,9
YJL176C,13
YJL050W,4
YGL250W,6
YOR087W,3
YOL028C,3
YLR094C,4
YDR183W,3
YOL111C,5
YMR029C,3
YDR273W,3
YMR135C,3
YFR011C,3
YLR015W,10
YPL027W,3
YGL252C,3
YGR170W,3
YHR075C,3
YNL227C,5
YHL045W,4
YOR145C,5
YPL179W,5
YEL071W,2
YGR128C,3
YMR294W,12
YCR020C-A,4
YBL089W,5
YIL108W,4
YMR318C,2
YGL222C,2
YOL016C,6
YHR097C,2
YNR065C,4
YNL192W,3
YKR038C,3
YNL281W,6
YOR180C,5
YJL149W,2
YOR035C,5
YKL155C,4
YGL180W,6
YPL195W,6
YIR033W,3
YML061C,3
YLR104W,2
YPL094C,11
YLR174W,2
YDR116C,6
YNL225C,6
YBR231C,6
YIR017C,9
YLL030C,2
YBR162C,10
YLR234W,4
YGR295C,16
YGL129C,8
YNL258C,9
YGL170C,6
YOR322C,3
YGL194C,8
YIR012W,3
YDR329C,6
YIL097W,4
YER157W,12
YPR126C,5
YMR263W,7
YPL050C,5
YLR273C,5
YNL267W,3
YLR315W,5
YMR266W,2
YKR022C,5
YBR040W,2
YPL128C,5
YDR485C,7
YLR369W,1
YGL023C,1
YJL019W,5
YDL123W,4
YDR036C,18
YNR008W,1
YIL037C,1
YPL202C,2
YHR182W,3
YLR026C,21
YGR068C,5
YNR037C,4
YPL013C,5
YHR024C,3
YOL018C,12
YDR175C,4
YGR167W,4
YDL086W,3
YOR249C,11
YKL058W,5
YLR176C,11
YGL119W,2
YJL222W,8
YMR087W,2
YNL234W,5
YGR081C,4
YDL003W,7
YJR082C,17
YHL025W,8
YLR239C,3
YBR179C,2
YMR224C,5
YJL154C,9
YLR443W,2
YGR034W,2
YPL254W,8
YKL064W,4
YGR174C,6
YLR083C,21
YNL075W,4
YJL086C,3
YKL020C,4
YFR042W,4
YER063W,7
YKR037C,6
YLR108C,6
YCR061W,23
YPL019C,5
YPL085W,7
YDL216C,6
YKR069W,3
YNL066W,4
YGL043W,3
YPL144W,10
YBR128C,5
YGL185C,4
YNR036C,1
YPL131W,5
YCL050C,2
YLR136C,2
YKL142W,7
YER036C,8
YPL234C,10
YOL044W,12
YJR015W,14
YIR042C,1
YDL209C,6
YIL104C,5
YJL125C,2
YJR140C,5
YGR140W,8
YIL150C,7
YOL150C,4
YJL122W,4
YDR425W,8
YOR029W,2
YDR423C,2
YAR035W,5
YIL109C,12
YDL240W,4
YHR195W,8
YLR003C,3
YBL094C,2
YLR039C,4
YIL042C,3
YDL111C,9
YLR353W,4
YOR100C,3
YJL210W,5
YML025C,6
YHR144C,3
YLR088W,5
YKL146W,8
YGR289C,13
YKL098W,4
YNL134C,2
YCR033W,8
YBR065C,6
YNL098C,7
YPR029C,7
YDR180W,4
YKL190W,5
YDR424C,3
YGL236C,5
YGL212W,22
YGR261C,5
YBR238C,3
YCR096C,7
YJL013C,6
YLR389C,3
YNL048W,13
YKL109W,3
YLR133W,4
YPR105C,13
YER140W,5
R0030W,2
YLL041C,2
YLR037C,3
YJL057C,12
YPR122W,2
YIL137C,2
YDL084W,6
YDR082W,4
YDL186W,4
YFL062W,21
YCR028C-A,6
YBR293W,7
YIR025W,2
YPR036W,6
YDR469W,10
YKL025C,6
YNL253W,3
YOR340C,3
YML001W,9
YDR457W,4
YPR033C,4
YGR223C,3
YGR205W,5
YNL125C,9
YOR123C,11
YJR108W,3
YDR276C,16
YIL060W,3
YFR014C,3
YMR155W,4
YKL196C,11
YLL065W,3
YBR057C,8
YBR298C,18
YBR074W,3
YHL019C,5
YOL156W,9
YJL089W,4
YLR322W,4
YMR209C,3
YBR105C,3
YGR294W,5
YMR323W,1
YGR281W,5
YOR189W,2
YAL049C,2
YPL138C,10
YIL129C,4
YHR043C,2
YDL072C,4
YLL015W,5
YPL009C,3
YPR085C,3
YHL044W,4
YFL003C,3
YBR047W,2
YGL192W,4
YHR180W,3
YOR054C,4
YIR016W,2
YCL005W,2
YNL286W,1
YLL014W,1
YJL146W,1
YBR113W,1
YJR103W,3
YPR101W,7
YNL045W,2
YLL061W,15
YDR270W,3
YNR013C,5
YPR052C,2
YMR250W,2
YDR268W,3
YDL074C,11
YHR117W,2
YGL084C,6
YOR033C,3
YNL021W,8
YNL005C,9
YDL125C,2
YBR236C,3
YCL010C,7
YLR274W,6
YPR048W,7
YLR072W,4
YOR373W,5
YPL159C,2
YOL003C,12
YOR379C,2
YPR070W,8
YDL235C,3
YOR298C-A,2
YOR059C,6
YDR319C,3
YER084W,3
YPL020C,9
YMR065W,7
YMR144W,4
YPL146C,3
YML038C,12
YBR250W,3
YHR057C,4
YDL232W,18
YGR255C,3
YLR090W,4
YJL036W,4
YLR450W,5
YLL022C,4
YGR056W,3
YBR145W,3
YMR181C,6
YLR056W,10
YDR392W,6
YFL028C,2
YOR140W,5
YJR050W,8
YPR168W,7
YLR092W,2
YDL076C,11
YOR007C,6
YMR293C,3
YJL091C,8
YOL034W,6
YNL073W,2
YDR464W,2
YDL135C,4
YER182W,1
YDL206W,4
YNL202W,3
YOL068C,8
YHR209W,2
YER149C,9
YBR117C,3
YDR440W,2
YEL061C,7
YGR032W,5
YMR264W,15
YBR058C,10
YDL191W,5
YGL141W,2
YGR263C,4
YAR064W,2
YER045C,5
YOL142W,6
YDR166C,3
YBL046W,4
YGR089W,10
YGR214W,2
YIR037W,2
YML067C,14
YBR027C,4
YBL043W,2
YDL112W,4
YGL017W,1
YLR439W,6
YNR023W,8
YEL070W,3
YMR152W,3
YNR059W,3
YLL049W,5
YPL247C,2
YMR280C,3
YDR255C,3
YNL210W,4
YGL149W,3
YHR103W,5
YLR305C,6
YJL222W-A,2
YOR023C,7
YGL157W,3
YJR073C,2
YML052W,2
YLR011W,2
YNL082W,4
YER028C,4
YDR326C,3
YJL024C,2
YHR123W,14
YDR361C,2
YDL233W,4
YCR095C,5
YNL266W,3
YGL085W,3
YOR198C,7
YLR170C,4
YOR062C,3
YJR005W,7
YPL166W,1
YNL063W,1
YDR517W,1
YPR135W,5
YPL057C,3
YFR039C,2
YOL138C,2
YML117W,8
YDR351W,4
YGL249W,3
YMR031C,1
YDR051C,1
YLL032C,3
YDR292C,3
YPL157W,3
YHL020C,4
YLR200W,10
YKL221W,5
YLL051C,3
YFR054C,2
YMR048W,9
YOR154W,3
YER018C,4
YJR060W,8
YJL015C,3
YFL005W,7
YML100W,5
YOL046C,2
YOR114W,3
YHR015W,3
YHR005C-A,8
YDL217C,7
YBR068C,6
YEL027W,12
YER131W,4
YDR095C,2
YMR187C,3
YDR527W,3
YDL210W,11
YPL105C,7
YMR219W,1
YPR172W,5
YIL084C,7
YJL048C,4
YLR095C,3
YBL092W,3
YML116W,3
YLR420W,2
YDR438W,2
YHR130C,3
YGR047C,8
YJR051W,1
YOR158W,7
YDR265W,6
YKL099C,2
YMR221C,5
YNL194C,5
YFR044C,2
YBL061C,5
YPL241C,3
YOR097C,4
YBR229C,2
YDL166C,3
YER139C,2
YPL108W,1
YBR213W,2
YCR041W,5
YBR199W,3
YGR077C,2
YML130C,7
YOR295W,1
YDR529C,4
YNL301C,3
YGR153W,2
YDR184C,4
YMR202W,2
YML059C,3
YHR207C,3
YMR064W,3
YDR156W,2
YCR044C,3
YFL012W,2
YPL046C,2
YIL010W,2
YMR111C,1
YML094C-A,1
YHR028C,1
YGR050C,1
YFL010W-A,1
YDR231C,1
YIL017C,2
YMR168C,6
YHR051W,2
YLR329W,4
YOR060C,4
YOL151W,3
YCR082W,5
YPL233W,3
YMR184W,2
YJR023C,2
YOR209C,3
YBL084C,9
YGR191W,12
YMR244W,3
YPR157W,2
YGL233W,6
YCL042W,1
YBL091C,1
YGR215W,3
YGR018C,3
YPL212C,3
YIL013C,3
YCL061C,5
YBL074C,4
YDR160W,3
YNL173C,3
YCR054C,2
YHR085W,3
YPL092W,4
YMR258C,3
YDR179C,6
YJL155C,4
YPR077C,2
YMR154C,6
YCR038C,5
YLR323C,2
YLR124W,4
YGR171C,1
YDR274C,1
YBL053W,3
YPL245W,3
YGR231C,1
YHR214C-B,2
YOR171C,6
YOR008C,4
YPL119C,1
YNL264C,1
YMR237W,1
YMR207C,1
YLR126C,1
YLR120C,1
YMR043W,10
YOR344C,4
YDL085W,3
YDL058W,3
YMR296C,8
YGR004W,4
YFL021W,6
YLR359W,4
YKL159C,3
YPL270W,4
YDR043C,2
YLR410W-B,1
YOL154W,2
YGR033C,5
YEL020W-A,3
YDR189W,9
YHR177W,3
YOR211C,3
YNR054C,2
YPL229W,3
YNR050C,5
YIL126W,7
YNL008C,4
YBR216C,3
YER089C,3
YGR275W,2
YDR102C,3
YNL242W,2
YBR201W,3
YDL129W,2
YGL058W,9
YPR084W,3
YPL008W,2
YDR312W,2
YFL034W,2
YDL091C,2
YPR112C,2
YMR076C,2
YPL064C,2
YLR396C,7
YGR071C,4
YPL118W,6
YLL009C,2
YMR089C,3
YPR046W,6
YBR161W,4
YIL162W,5
YHR122W,6
YML012W,10
YAL009W,6
YLR172C,3
YJL053W,8
YIR038C,21
YJR087W,2
YGR269W,3
YML097C,3
YDR269C,2
YLR265C,5
YMR299C,5
YOR213C,7
YPL059W,5
YCL017C,5
YGR102C,2
YLR119W,4
YNR006W,2
YHL026C,3
YEL016C,2
YCR100C,3
YLR199C,2
YFL026W,6
YDL040C,4
YGL071W,4
YDL046W,2
YCR048W,3
YBR107C,9
YJL059W,3
YOR392W,2
YIL092W,5
YLL031C,2
YOL089C,1
YNL238W,5
YLR378C,11
YGR271W,3
YDR056C,2
YBL052C,5
YHR009C,4
YEL017W,12
YJR048W,4
YHR007C,14
YNL146W,2
YDR021W,3
YLR049C,3
YDR121W,5
YFL048C,10
YBL059W,2
YJR030C,4
YLR098C,5
YLR207W,8
YOL098C,2
YBR091C,6
YCL055W,6
YHR094C,9
YLR135W,5
YGL133W,7
YPL122C,5
YKL206C,2
YLR318W,3
YOR173W,3
YHR001W,1
YBL029W,1
YPL207W,2
YNL300W,3
YNL130C,13
YHR215W,4
YPR007C,1
YDL223C,1
YNL245C,1
YOR307C,6
YBR258C,6
YLR294C,4
YPR185W,7
YHR003C,3
YKR092C,7
YER019C-A,2
YJL219W,6
YBR197C,3
YLR118C,2
YNL251C,7
YAR066W,4
YBR284W,3
YAR030C,2
YPR096C,3
YGR175C,4
YLR151C,3
YNL041C,10
YGL204C,2
YGR182C,3
YER073W,5
YKL079W,3
YOR063W,3
YBR192W,3
YNL099C,6
YOR323C,2
YLR456W,6
YKL075C,4
YNL280C,2
YPL063W,3
YDR373W,4
YLR283W,2
YLR068W,2
YGL086W,5
YDR520C,3
YLR034C,11
YMR189W,2
YBR067C,3
YOR064C,3
YLR066W,2
YKL224C,2
YER066W,4
YBR044C,8
YMR310C,4
YLR390W-A,3
YKR083C,6
YKL119C,6
YJR038C,2
YHR031C,2
YKL160W,2
YLR363W-A,1
YJL145W,1
YHL016C,1
YER014W,1
YER096W,2
YNL171C,3
YJR119C,2
YKL183W,3
YML018C,2
YNL105W,2
YCR059C,3
YPR148C,2
YHR211W,2
YJL152W,3
YPR130C,1
YPR114W,1
YPL052W,1
YOL101C,1
YOL072W,1
YNL109W,1
YMR278W,1
YMR160W,1
YMR067C,1
YML013W,1
YLR379W,1
YLR333C,1
YLR205C,1
YKR087C,1
YKR040C,1
YKL138C,1
YKL111C,1
YKL076C,1
YJR123W,1
YJL192C,1
YIL096C,1
YHR049W,1
YHL033C,1
YGR064W,1
YGR042W,1
YGL217C,1
YGL069C,1
YGL045W,1
YER058W,1
YEL075C,1
YEL008W,1
YDR526C,1
YDR031W,1
YDL075W,1
YBR174C,1
YBR076W,1
YAL066W,1
YMR071C,3
YJL159W,5
YOR194C,6
YHL006C,7
YGR243W,2
YOR378W,3
YPL265W,5
YDR046C,8
YDR016C,9
YNR033W,2
YJL168C,4
YDL199C,5
YPR180W,9
YDR042C,2
YLR125W,5
YKL179C,2
YBL072C,5
YER064C,5
YAL064W,3
YIL005W,5
YHR072W,2
YJR049C,3
YOR275C,4
YIL093C,4
YOL059W,3
YCL038C,5
YBR144C,2
YCR046C,5
YDR364C,3
YCR007C,4
YNL196C,3
YER015W,3
YNR022C,2
YKR052C,3
YGR139W,3
YML053C,1
YIL009W,5
YMR231W,7
YJL056C,3
YNL255C,2
YOR239W,4
YJL006C,2
YHL017W,5
YAL045C,2
YBR295W,4
YDL207W,5
YBR139W,3
YCR016W,3
YJL214W,8
YGR141W,3
YPL109C,4
YIL117C,4
YLR221C,4
YLR270W,3
YGL128C,4
YLR266C,1
YEL064C,5
YOL019W,2
YER119C,3
YDL012C,8
YDR479C,4
YOR289W,2
YJL174W,2
YLR007W,2
YOR311C,4
YJL065C,3
YKL006C-A,6
YGL030W,2
YPR094W,2
YML072C,2
YKL052C,4
YDL036C,2
YDL044C,8
YHR090C,5
YER144C,5
YMR277W,2
YIL055C,2
YGR084C,5
YDR218C,2
YJL134W,2
YDR132C,4
YLR441C,2
YER168C,2
YML035C,2
YLR021W,2
YBR302C,11
YGL042C,9
YJR149W,1
YJR047C,1
YJL118W,1
YGR217W,1
YDR291W,1
YCR101C,3
YPR163C,6
YJL172W,4
YBR061C,20
YDR024W,1
YFR022W,2
YKL177W,2
YAL025C,3
YLR461W,2
YER159C,2
YOR164C,6
YMR176W,1
YFR006W,1
YBL044W,3
YIR014W,3
YOR175C,1
YOL002C,1
YML131W,1
YLR112W,1
YLL054C,1
YKR032W,1
YIR021W,1
YGR114C,1
YGR110W,1
YGR031W,1
YGL018C,1
YDL037C,1
YBR177C,1
YBR109W-A,1
YKR099W,6
YLR422W,2
YLR330W,1
YKR061W,1
YHR079C,3
YMR009W,4
YPL045W,7
YOR161C,4
YLR326W,3
YMR300C,3
YOL106W,3
YJR016C,1
YLR357W,6
YPL191C,1
YOR150W,4
YER092W,4
YDR468C,13
YHR012W,5
YJL184W,6
YMR127C,5
YPL060W,2
YML029W,4
YPR194C,7
YJR025C,2
YLR202C,2
YGR150C,2
YPL113C,1
YDL215C,4
YGL028C,2
YNL289W,1
YJL181W,1
YHR071W,1
YJR146W,2
YOR084W,2
YNL237W,5
YNL190W,1
YNL158W,1
YLR290C,1
YLR252W,1
YLR050C,1
YKL163W,1
YKL107W,1
YKL044W,1
YKL024C,1
YJR157W,1
YHR175W,1
YGL168W,1
YBR124W,1
YOR371C,3
YMR316W,2
YKL176C,2
YLR004C,7
YNL204C,3
YGR016W,3
YOR051C,1
YGL050W,1
YDL022W,1
YCR098C,7
YLL033W,3
YOR106W,10
YPR173C,8
YLR287C,3
YGR017W,3
YPR136C,2
YFR055W,2
YAL053W,7
YPR078C,4
YDR078C,5
YIR008C,5
YER011W,4
YMR025W,6
YPL231W,2
YNL314W,3
YDR233C,4
YDR508C,9
YOR243C,4
YNL167C,3
YJL079C,2
YBR186W,3
YGR075C,4
YFL004W,3
YOR385W,1
YMR171C,1
YKR018C,1
YIR022W,8
YGL025C,7
YMR039C,2
YPR201W,11
YJL023C,2
YNL329C,4
YPL065W,2
YJL083W,4
YHL014C,2
YMR206W,3
YOR147W,3
YBR243C,3
YBR286W,3
YDR177W,3
YAR028W,11
YEL054C,6
YIR040C,3
YOR346W,1
YMR044W,1
YLR213C,1
YLR017W,1
YBL063W,1
YBL040C,8
YDR357C,3
YDR408C,4
YDR088C,6
YOR263C,2
YIL169C,3
YDR106W,2
YDR310C,4
YPL040C,2
YNL091W,7
YBR296C,5
YPL133C,3
YHR204W,6
YDR040C,2
YER145C,5
YGR063C,3
YER067W,3
YJL108C,8
YPR133C,3
YLR178C,4
YHL010C,4
YNL279W,6
YPL170W,3
YFR029W,1
YHR187W,7
YNL054W,3
YMR233W,3
YPL156C,2
YMR179W,4
YGR198W,2
YHR034C,3
YPR011C,2
YGL143C,2
YER104W,3
YOL065C,5
YOR074C,2
YIR018W,5
YDR503C,4
YHR087W,3
YMR238W,5
YCR107W,3
YHR059W,3
YLR451W,2
YNR040W,3
YFL049W,6
YMR257C,7
YKL092C,4
YIL145C,3
YHR214W-A,1
YPR179C,3
YMR193W,4
YPL029W,2
YKR039W,6
YLR455W,2
YBR242W,2
YOR049C,5
YHL043W,2
YKL209C,4
YAL055W,6
YMR142C,2
YDR104C,2
YKR066C,4
YOR320C,3
YOR102W,2
YJR041C,1
YHL038C,1
YFR032C,1
YKR020W,7
YOL144W,2
YDR322W,6
YNR043W,1
YLR261C,2
YAL004W,2
YOL097C,1
YLR143W,2
YOL020W,8
YPL098C,2
YLR411W,4
YKR100C,2
YKL125W,2
YML011C,5
YGR100W,2
YOL031C,2
YPR056W,4
YDL056W,3
YOL140W,1
YNL050C,1
YGL117W,1
YDR135C,1
YNR074C,3
YOR010C,3
YLL067W-A,2
YCR021C,7
YPL053C,3
YPL216W,1
YLR336C,1
YDR236C,1
YOR038C,5
YBL078C,8
YLR152C,1
YBL100W-A,5
YMR002W,3
YHR074W,2
YPL260W,2
YMR279C,8
YPL190C,7
YJL204C,1
YGL186C,1
YBR097W,2
YIL039W,2
YDL045C,2
YDR045C,4
YJL029C,5
YDR159W,2
YBR233W,4
YER005W,9
YOR112W,2
YIL071C,5
YCR028C,6
YER030W,1
YJL062W,3
YMR096W,6
YGR179C,7
YPL077C,4
YBR182C,1
YGL005C,2
YOR121C,2
YML105C,3
YKL194C,2
YGL146C,2
YNL327W,1
YDR178W,3
YIL114C,8
YLL004W,8
YMR298W,4
YDL088C,3
YGR151C,2
YHL049C,2
YML031W,5
YGR222W,3
YLR312C,2
YLR077W,2
YLR434C,2
YJR136C,2
YOR286W,1
YOR251C,1
YOL146W,1
YNR061C,1
YNL319W,1
YMR157C,1
YJR079W,1
YBR301W,1
YBR273C,1
YBR008C,1
YAR033W,7
YPR162C,7
YIL023C,5
YDR169C,2
YCR052W,5
YKR062W,4
YLR032W,2
YDR452W,3
YPR005C,2
YKR072C,2
YLR256W-A,1
YNR027W,1
YLR030W,3
YEL018W,3
YHR077C,8
YGR189C,3
YER098W,1
YPL208W,4
YJL179W,3
YPL066W,3
YPL238C,1
YDR368W,2
YPL120W,4
YKR034W,7
YOR053W,2
YKR050W,5
YBR012W-B,3
YER083C,4
YJL137C,4
YGR209C,3
YBL067C,2
YOR045W,4
YJL135W,2
YBL102W,7
YBR240C,2
YHR190W,4
YEL011W,2
YIL120W,6
YEL042W,7
YLR344W,2
YJL209W,1
YDL069C,1
YLL043W,6
YJR043C,4
YJR162C,2
YDR433W,2
YDR483W,2
YGR160W,3
YNL095C,3
YOR031W,3
YDR107C,5
YKL050C,3
YMR090W,2
YDR505C,3
YDR105C,2
YBR146W,4
YHR136C,2
YDR534C,2
YIL002C,3
YDR524C,2
YJR148W,3
YNL038W,1
YPL112C,2
YMR042W,5
YBR042C,2
YKL124W,1
YPL091W,2
YKL165C,4
YGR200C,9
YDL131W,1
YNL231C,2
YAL061W,1
YJL078C,3
YFL060C,3
YMR017W,4
YGL055W,6
YER071C,11
YER051W,3
YIL110W,3
YOL011W,3
YLR138W,4
YIL051C,3
YIR039C,3
YMR180C,2
YPL100W,1
YOR013W,1
YIL082W-A,1
YGR131W,1
YBR053C,1
YLL006W,9
YAL026C,3
YMR091C,4
YHR081W,5
YOL061W,9
YML104C,3
YIL151C,5
YAL067C,3
YLR227C,2
YDL173W,2
YER004W,2
YDR007W,3
YMR212C,3
YPL205C,2
YDR455C,6
YHR039C,2
YIL088C,2
YLR075W,2
YDR170W-A,2
YBR141C,3
YBR172C,3
YGL145W,6
YIL141W,3
YHR105W,6
YGL162W,2
YOL073C,2
YNR042W,2
YML106W,1
YCL033C,1
YOL107W,3
YBR123C,8
YNL159C,2
YMR195W,2
YPR149W,1
YPR134W,1
YOR387C,1
YOR318C,1
YOR300W,1
YOR258W,1
YOR246C,1
YOR222W,1
YKR073C,1
YIL044C,1
YGR293C,1
YGL110C,1
YGL039W,1
YDR531W,1
YDR512C,1
YDR012W,1
YDL168W,1
YBR241C,1
YBR168W,1
YAL060W,1
YJL045W,2
YOR124C,2
YOR202W,1
YMR261C,2
YMR140W,2
YMR083W,3
YDL118W,2
YGR038W,5
YKL141W,3
YOL052C,1
YJR069C,2
YPR097W,1
YNL065W,1
YDR545W,1
YDL027C,1
YLR398C,4
YJR084W,2
YOR359W,3
YIR035C,2
YGL022W,8
YOR108W,2
YBR063C,1
YDR390C,4
YML021C,1
YIL059C,2
YGL054C,5
YGR225W,2
YPR176C,2
YNR005C,2
YMR165C,2
YBR188C,5
YDL020C,2
YOL067C,2
YJL063C,5
YIL111W,4
YLR010C,2
YFL066C,2
YOL017W,3
YDL082W,1
YDR462W,4
YOR129C,1
YNR067C,1
YMR247C,1
YLR361C,1
YKL040C,1
YDR242W,1
YBR255W,1
YER099C,4
YBR265W,3
YLR226W,4
YFR026C,2
YJR074W,2
YJR011C,2
YOR283W,1
YPL104W,1
YLR203C,2
YLL002W,2
YOR172W,2
YOL043C,3
YGL053W,10
YNL028W,2
YCL069W,3
YGR246C,5
YFR043C,3
YGL014W,3
YGR199W,3
YMR163C,3
YPL201C,2
YLR465C,3
YOL030W,7
YDR084C,9
YNL261W,7
YNR068C,3
YJL190C,2
YGR122W,2
YPR057W,2
YPR035W,1
YMR251W,1
YIR032C,1
YIL177C,1
YER048C,3
YHR206W,5
YHR145C,2
YMR177W,2
YER166W,3
YJL197W,1
YDL202W,2
YDL198C,3
YJL156C,1
YKL192C,4
YAL022C,5
YML093W,1
YJL067W,2
YGR257C,2
YHR143W,1
YDL073W,1
YMR204C,2
YPR079W,12
YPL086C,7
YKR088C,9
YMR004W,4
YJR006W,3
YIL135C,2
YPL024W,2
YBR173C,4
YHL021C,5
YFL040W,7
YDR410C,3
YJR001W,5
YNL304W,4
YNL292W,2
YLR158C,4
YLR301W,3
YJL099W,4
YHR132C,2
YJR024C,1
YDR489W,7
YJR102C,5
YJL166W,2
YOL147C,2
YGL027C,3
YGL073W,3
YJR126C,2
YOL085C,1
YDR332W,2
YDL176W,1
YPR006C,1
YKR005C,1
YKL164C,1
YKL106W,1
YDR305C,1
YDL241W,1
YDL221W,1
YML023C,3
YNL273W,4
YDR445C,2
YML014W,3
YOL143C,2
YPR071W,2
YGR165W,4
YLR141W,2
YMR018W,2
YNL328C,2
YMR033W,4
YGR290W,2
YDR068W,2
YDR198C,1
YML110C,1
YJL114W,1
YPR001W,1
YGL065C,1
YOR266W,4
YEL005C,6
YLR063W,3
YLR460C,2
YGL010W,2
YOR293W,1
YMR230W,1
YLR087C,1
YJL198W,1
YGL072C,1
YER055C,1
YDR096W,1
YDL159W-A,1
YAL063C-A,1
YPR118W,1
YOL050C,1
YOL008W,1
YNL324W,1
YNL205C,1
YNL009W,1
YMR141C,1
YML079W,1
YLR168C,1
YJR154W,1
YJR120W,1
YJR100C,1
YJL225C,1
YIR036C,1
YIL157C,1
YIL032C,1
YIL020C,1
YHR138C,1
YHR127W,1
YGR148C,1
YGL047W,1
YDR530C,1
YDL077C,5
YNR039C,3
YPL228W,2
YLR358C,3
YER013W,5
YBR235W,2
YGL095C,7
YGR237C,3
YNL164C,2
YNL097C,5
YNL284C-B,1
YMR045C,1
YKL147C,1
YGR161C-D,1
YFL063W,1
YBL005W-B,1
YAR068W,1
YAL069W,1
YMR265C,2
YLR073C,3
YJL123C,1
YKR075C,1
YOR146W,1
YOR262W,1
YBL024W,4
YER087W,3
YCR063W,3
YHR047C,1
YBL082C,1
YJR014W,2
YHR040W,2
YDR072C,2
YNR066C,3
YDR196C,2
YBL071C,2
YMR072W,2
YNL291C,2
YBL042C,2
YCL023C,2
YPL224C,2
YKR106W,3
YGL223C,5
YMR019W,2
YCR011C,5
YNL062C,2
YPL056C,1
YML120C,1
YLL060C,1
YBL031W,1
YJL071W,2
YOL014W,3
YIL130W,2
YMR227C,3
YLL020C,3
YDR345C,2
YNR009W,2
YPL047W,4
YBR111W-A,4
YBR052C,1
YPR160C-A,1
YMR103C,1
YKR049C,1
YKR023W,1
YKL202W,1
YKL105C,1
YEL022W,2
YAL038W,2
YBR024W,4
YER154W,6
YDR136C,3
YOR079C,4
YPL051W,7
YDR532C,5
YDR314C,2
YGR207C,2
YJR099W,2
YOR067C,2
YKL038W,1
YDR079W,3
YIR004W,2
YGR073C,2
YGL210W,5
YJL075C,2
YOL116W,2
YKL174C,6
YBL095W,2
YEL041W,5
YAL056W,2
YER044C,3
YER180C,2
YPL096W,2
YLR242C,4
YMR057C,1
YFL050C,2
YHR154W,1
YPL189W,5
YHR002W,1
YLR214W,7
YBR086C,3
YOR312C,3
YHL008C,2
YMR088C,2
YLR121C,3
YML019W,4
YKL017C,2
YOR241W,1
YKR009C,1
YER056C,3
YDR181C,4
YNR028W,6
YJL185C,3
YNL295W,1
YER183C,1
YOR085W,10
YDR137W,2
YNL213C,1
YNL040W,1
YOR298W,1
YDR296W,4
YBR230C,2
YDR115W,5
YGL009C,2
YOR333C,2
YJL189W,1
YNR075W,3
YMR271C,2
YNL011C,1
YMR008C,1
YGL138C,1
YKR064W,1
YIL057C,2
YOR331C,2
YER019W,4
YOL042W,2
YMR203W,7
YKL063C,2
YGR129W,5
YMR322C,4
YDR506C,5
YPL002C,4
YOL109W,2
YMR038C,3
YOR219C,1
YIL029C,1
YKL134C,3
YMR243C,8
YJR034W,1
YGR046W,1
YFR033C,1
YOL129W,4
YHL001W,1
YDL128W,5
YNL126W,5
YPL025C,1
YNR072W,3
YHR042W,7
YKL089W,3
YJR028W,1
YJR027W,1
YMR131C,2
YGL251C,2
YFL025C,4
YPL034W,3
YNL133C,1
YNL072W,1
YLR251W,1
YLR110C,1
YDR144C,1
YBR215W,1
YAR071W,1
YEL031W,4
YKR093W,2
YIL014W,1
YKL004W,7
YLR166C,6
YIL025C,4
YPR066W,3
YPR083W,2
YNL282W,3
YER038C,3
YOR138C,2
YCL016C,5
YOR113W,1
YOL024W,1
YLR149C,1
YGR021W,1
YDR213W,1
YNL121C,10
YMR118C,2
YAL042W,3
YOR336W,1
YOR334W,1
YOR143C,1
YOR072W,1
YOL022C,1
YNR024W,1
YNL235C,1
YNL211C,1
YMR114C,1
YML082W,1
YKL051W,1
YJL142C,1
YHR116W,1
YHL005C,1
YFR038W,1
YEL012W,1
YBL065W,1
YGL187C,4
YBR158W,4
YPR014C,1
YKR080W,1
YIL139C,1
YDR376W,2
YMR035W,2
YGR062C,1
YOL015W,3
YJR143C,2
YDR498C,3
YJL016W,3
YOR327C,11
YLR327C,2
YDL035C,2
YDR026C,4
YHR168W,3
YDR108W,4
YOR099W,3
YPL177C,1
YPL188W,1
YOR384W,1
YIL052C,1
YDR511W,1
YOR115C,3
YGL263W,3
YOR377W,2
YPL095C,5
YGL006W,3
YMR292W,3
YGL093W,2
YLR332W,3
YCR039C,1
YCL044C,1
YJR161C,3
YPL272C,1
YAL048C,1
YOR082C,2
YHR147C,3
YNL087W,1
YLL038C,2
YPR155C,2
YGL029W,1
YIL011W,1
YBR116C,2
YNL252C,4
YDR237W,4
YNL306W,3
YNL137C,3
YDR347W,3
YDR041W,3
YNL141W,4
YGL154C,4
YDR363W,2
YDR061W,2
YKL036C,3
YBL080C,2
YNL188W,3
YLR093C,8
YJR075W,5
YDR133C,2
YKL028W,5
YOR134W,1
YMR317W,1
YKR031C,2
YER189W,1
YDR315C,5
YLR365W,1
YLR240W,3
YDR120C,4
YJR031C,2
YLR285W,3
YOL095C,2
YDR140W,3
YEL036C,8
YML108W,3
YDR415C,3
YMR075W,4
YLR381W,3
YOL152W,2
YHR167W,3
YNR055C,3
YHR046C,1
YDR350C,2
YPR037C,2
YGL259W,4
YOR103C,8
YGL226C-A,7
YPL090C,1
YCR024C,1
YJL072C,2
YGR079W,3
YOR025W,1
YKR063C,1
YNL224C,1
YML127W,3
YHR050W,4
YER053C,3
YKR068C,10
YLR311C,2
YNL096C,2
YLR146C,2
YNL276C,1
YNL163C,1
YMR305C,2
YMR282C,1
YIR024C,2
YNL074C,1
YNL185C,9
YDR252W,3
YLR076C,1
YGL165C,1
YGR276C,2
YGR041W,4
YMR095C,3
YNL277W-A,1
YLR410W,1
YLR142W,1
YDR208W,1
YLR198C,2
YOR271C,2
YLR080W,6
YPL097W,1
YOL066C,1
YLR201C,1
YKL208W,1
YGR291C,1
YGR053C,1
YER076C,1
YDL158C,1
YBR209W,1
YBL020W,1
YMR011W,2
YGL169W,2
YPR189W,3
YPR129W,1
YGL052W,1
YMR211W,3
YKL133C,1
YBL054W,1
YJR101W,2
YBL090W,2
YJL070C,7
YML114C,2
YDL001W,5
YNL277W,3
YOR070C,3
YBR180W,2
YIL077C,2
YDL115C,1
YKL122C,2
YDL092W,2
YNL136W,1
YGR124W,2
Q0050,1
YBR064W,2
YOR390W,1
YPL243W,1
YPL210C,1
YPL114W,2
YGL057C,2
YPL102C,1
YOR009W,1
YGL125W,1
YGL147C,1
YNL029C,2
YPR045C,2
YDR063W,3
YMR225C,2
YML009C,2
YCR071C,2
YKL090W,3
YPL145C,1
YJL186W,1
YHR083W,2
YCR037C,2
YGR072W,5
YIR010W,2
YDR367W,2
YMR218C,3
YDR407C,3
YOL136C,1
YNR051C,3
YBR282W,2
YFL053W,1
YML101C,2
YGR185C,3
YML133C,2
YMR274C,2
YER060W-A,2
YMR053C,2
YDR111C,2
YDL121C,2
YEL049W,2
YDL133W,3
YPR137C-A,1
YLL037W,2
YGR065C,1
YDR446W,1
YGR105W,3
YNL153C,5
YLR033W,2
YKL137W,3
YPL252C,1
YOL159C,1
YGL020C,1
YDR513W,1
YDR431W,1
YDR304C,1
YKL077W,1
YKR071C,1
YJR098C,1
YNL191W,2
YHR056C,4
YNL119W,1
YCR067C,2
YOL112W,1
YOR162C,1
YJL032W,1
YER184C,1
YEL038W,1
YJR080C,2
YNR026C,2
YLL056C,2
YPL121C,1
YGR224W,3
YDL162C,2
YIL009C-A,2
YNL036W,3
YDR050C,1
YNL018C,3
YBR220C,1
YBR219C,1
YBR185C,1
YAR047C,1
YOR040W,2
YLR390W,2
YBR021W,2
YPL075W,2
YKL201C,3
YDL093W,3
YOR096W,2
YPR051W,3
YGR121C,4
YPL232W,5
YLR228C,1
YNL003C,4
YPL087W,2
YMR183C,4
YOR225W,1
YOR393W,1
YHR045W,1
YBR134W,1
YOR092W,4
YBR006W,2
YLR281C,1
YJR122W,1
YBR291C,3
YKL170W,1
YKL072W,2
YLR428C,1
YNL070W,4
YMR188C,2
YGL001C,2
YLR440C,4
YPR152C,3
YGR242W,2
YLR132C,1
YNL275W,2
YGL012W,2
YIL054W,1
YGR169C,2
YFL031W,1
YCR068W,3
YLR053C,3
YBL014C,3
YBR167C,8
YLR338W,2
YPL136W,2
YHL039W,1
YHR134W,2
YLR312W-A,1
YGL113W,2
YFL056C,2
YDL071C,5
YMR031W-A,1
YDL119C,1
YLR218C,1
YDL110C,4
YBR156C,3
YMR123W,1
YNL217W,7
YML125C,2
YKL086W,2
YJL211C,1
YJL178C,1
YDR459C,5
YPL253C,4
YFL027C,3
YJL129C,2
YGR236C,2
YKL153W,2
YJR124C,1
YGL167C,1
YEL004W,2
YJL170C,2
YOR381W,2
YJL182C,1
YER181C,1
YER109C,1
YDR340W,1
YDR286C,1
YDR067C,1
YDL183C,1
YBR157C,1
YBR089W,1
YMR079W,2
YNR070W,2
YDL041W,2
YOL075C,4
YGR181W,3
YNR056C,2
YHR048W,3
YPR113W,2
YGL015C,1
YOR142W-A,4
YDR070C,2
YAL033W,2
YOR245C,4
YLR376C,4
YPR076W,1
YPR075C,1
YDL016C,1
YGL094C,2
YOR048C,2
YKR079C,2
YJL222W-B,1
YBR004C,1
YHR004C,2
YMR158W,1
YER037W,1
YDR542W,2
YMR020W,3
YLR437C,2
YDL243C,1
YJL064W,3
YJR020W,2
YGR069W,2
YML030W,1
YIL152W,2
YLR185W,1
YHL047C,1
YBR023C,4
YMR173W,3
YER088C,2
YHR036W,1
YNR046W,5
YAL013W,2
YDR186C,1
YLR220W,2
YML037C,1
YJR097W,1
YIL024C,1
YJR152W,2
YIL072W,1
YLR297W,3
YJL120W,1
YJR158W,1
YKL178C,2
YCR010C,4
YGL077C,1
YBR043C,3
YOL105C,3
YLR014C,5
YPL147W,3
YAR023C,2
YNL129W,1
YCL056C,4
YML071C,1
YGR194C,1
YML077W,4
YGR057C,3
YPL005W,2
YNL226W,1
YDL011C,2
YMR306W,3
YOR348C,4
YDL201W,1
YMR110C,1
YPR065W,2
YPL175W,2
YDR245W,5
YML094W,4
YJL112W,2
YJL139C,1
YLR363C,1
YPR102C,1
YNL326C,3
YIL040W,2
YML129C,3
YML054C,2
YIL006W,2
YDL067C,4
YIL049W,2
YOL064C,3
YOR282W,1
YLR459W,2
YPL107W,1
YLR057W,1
YLR028C,1
YEL006W,1
YDR317W,1
YBL097W,1
YDL094C,2
YMR077C,5
YOR011W,1
YNL165W,1
YJL202C,1
YMR182C,2
YDR281C,1
YGR138C,1
YOR383C,1
YLR060W,1
YDR284C,6
YJR116W,2
YGL258W,1
YER170W,1
YER121W,1
YEL074W,1
YEL057C,1
YDR290W,1
YCL049C,1
YBR262C,1
YBR261C,1
YOL032W,1
YLR130C,1
YER101C,1
YNL178W,2
YLL062C,2
YJL025W,2
YLR189C,2
YKR085C,2
YGL013C,1
YFR012W,1
YMR132C,1
YHR062C,2
YKR074W,1
YDR421W,1
YKL070W,1
YOL013C,3
YER176W,1
YJL208C,3
YOR321W,2
YKL188C,2
YOR252W,2
YDL062W,1
YER087C-B,2
YOR132W,3
YOR279C,3
YMR312W,6
YOR050C,1
YEL047C,1
YLR417W,4
YBR131W,3
YIL163C,1
YGL126W,1
YKR006C,2
YPR128C,6
YJR012C,1
YDR288W,2
YJR135W-A,2
YOR363C,2
YOL104C,2
YDR330W,1
YLR194C,1
YHR203C,2
YOR309C,1
YOL118C,1
YJL175W,1
YFL001W,1
YBR041W,1
YDL114W,3
YKR008W,1
YOR205C,1
YNL186W,1
YKL003C,1
YDL045W-A,1
YLR237W,4
YPL132W,3
YMR260C,1
YDR384C,4
YDR509W,1
YBR115C,2
YEL058W,1
YIL121W,1
YDR126W,2
YDR038C,3
YPL101W,5
YBR058C-A,3
YKR058W,1
YOR297C,4
YNR034W,1
YDR492W,2
YOL035C,1
YLL029W,1
YDR020C,1
YDR323C,1
YPL263C,1
YBL018C,2
YJR095W,2
YOR196C,2
YDR039C,2
YMR222C,1
YGR026W,1
YOR345C,1
YJL031C,3
YGL239C,2
YDR441C,2
YGR055W,3
YPR203W,1
YLR164W,1
YOR292C,3
YNL138W-A,1
YBR077C,4
YCR075C,3
YHR032W,2
YMR069W,2
YNR011C,2
YBL098W,1
YPR073C,1
YKL181W,5
YHL046C,1
YNR025C,2
YHR189W,2
YGR036C,1
YFL015C,1
YER035W,1
YDR478W,1
YDL096C,1
YDL061C,1
YDL050C,1
YDL026W,1
YLR435W,5
YBR248C,1
YOR364W,2
YJR040W,5
YER188W,1
YDL180W,1
YKR011C,2
YDR254W,3
YBL019W,1
YCL057W,1
YNL122C,1
YCR036W,1
YIL030C,3
YMR101C,1
YIL082W,1
YDR405W,3
YPR145W,1
YJL054W,5
YER147C,3
YLR395C,1
YNL246W,3
YLR466W,1
YNL046W,1
YDR366C,2
YLR065C,2
YHR092C,2
YPR004C,1
YGL036W,2
YPL257W-B,1
YHL031C,2
YDR215C,2
YDR461W,2
YBR244W,1
YBR190W,1
YHR106W,1
YGL079W,3
YOR226C,2
YBR277C,1
YBR096W,1
YMR150C,2
YBR015C,1
YOR165W,2
YJL043W,1
YER150W,1
YBR090C,1
YJL193W,1
YOR111W,2
YGR125W,1
YOR071C,2
YGL021W,3
YDL099W,2
YDR538W,1
YDL218W,1
YMR134W,1
YOR338W,1
YIL064W,1
YOL103W,2
YBR237W,1
YGR216C,3
YGR177C,1
YBL068W,3
YIL158W,1
YDL167C,3
YJL212C,1
YBR263W,2
YDR081C,1
YKL019W,3
YLL046C,2
YMR119W,2
YGR208W,2
YOL122C,1
YNR049C,1
YLR181C,2
YKR070W,1
YBR269C,1
YHR109W,2
YHR053C,1
YPL183W-A,1
YKL167C,1
YGR076C,1
YGL064C,1
YMR010W,1
YBL081W,2
YNL220W,1
YAL030W,2
YNR015W,2
YJL035C,2
YDL245C,2
YNL320W,1
YDR387C,2
YLR454W,2
YOR325W,1
YJR127C,2
YBR285W,2
YNL212W,1
YPL073C,3
YDR472W,3
YPR068C,1
YPL116W,1
YNR018W,1
YPL200W,2
YLR334C,1
YKL114C,1
YJL055W,1
YHR067W,1
YOR316C,1
YJL131C,1
YDR450W,1
YKL180W,1
YOR034C,3
YNR063W,1
YLR114C,1
YEL020C,1
YOR242C,3
YOR118W,1
YIL119C,1
YLR448W,1
YDR246W,2
YDL095W,1
YDL211C,1
YLR225C,2
YLR246W,3
YDR086C,3
YCL058C,1
YAR069C,1
YCL004W,1
YDR249C,1
YML060W,1
YGL024W,1
YDR253C,1
YGR277C,2
YCR015C,1
YPL068C,1
YPR169W,1
YNR060W,2
YGR029W,2
YDR413C,2
YJL093C,2
YKR095W-A,1
YGR023W,3
YER152C,1
YFL020C,4
YGR133W,3
YLR167W,1
YDR077W,1
YGR143W,1
YFL011W,2
YOR065W,2
YJR106W,1
YBL033C,2
YPL162C,2
YKR065C,2
YPR021C,2
YLR325C,3
YGL230C,3
YIR013C,1
YJR135C,2
YLR012C,1
YPR100W,1
YFL055W,2
YGR028W,1
YLR253W,1
YHR194W,2
YPR177C,1
YPL067C,1
YPL023C,1
YLR462W,1
YMR178W,1
YMR097C,1
YGR132C,1
YIL134W,2
YGL091C,2
YIL086C,1
YER007C-A,3
YNL318C,2
YOL099C,2
YEL053C,2
YOR274W,1
YHR212W-A,2
YJR008W,1
YMR151W,2
YOR068C,1
YDR263C,1
YGL132W,2
YMR013C,1
YJL097W,2
YIL091C,1
YKL049C,1
YOR273C,2
YDR406W,1
YCL073C,1
YAL023C,1
YKR044W,1
YGR115C,1
YKL110C,4
YDR541C,1
YOL009C,2
YDL049C,4
YGR283C,1
YMR063W,1
YNR030W,1
YPR058W,3
YJR004C,1
YJL162C,2
YAL064W-B,1
YBL010C,1
YBR070C,1
YDR205W,2
YOR354C,1
YNL051W,1
YLR217W,1
YDR066C,1
YBR162W-A,3
YGR247W,2
YGL098W,3
YPL172C,1
YER001W,1
YBR029C,1
YMR041C,1
YMR210W,1
YNL142W,1
YGR206W,1
YFL052W,2
YIL153W,1
YPL280W,1
YEL039C,1
YGL059W,1
YGR213C,2
YBL086C,2
YCR097W,1
YMR023C,1
YKR043C,1
YJL158C,2
YDR003W,1
YFR045W,1
YKL186C,1
YKL220C,2
YOR288C,1
YKR035C,1
YKL219W,1
YJL163C,1
YNL259C,1
YPL055C,1
YLR308W,1
YPL257W,2
YLR054C,3
YEL003W,2
YDR349C,2
YGL083W,1
YKL034W,1
YHL029C,1
YLR416C,1
YCR106W,3
YNR004W,1
YOR221C,1
YLR257W,2
YBL107C,1
YOL039W,2
YGR101W,3
YPL244C,2
YHR157W,1
YCL076W,1
YLR356W,1
YDR514C,1
YIL019W,1
YBR276C,1
YDL102W,2
YOL080C,1
YGR244C,1
YDR333C,1
YBR178W,1
YGL142C,1
YGR149W,2
YDR371W,1
YLR204W,1
YHL015W,2
YNR029C,2
YDL024C,1
YPL130W,2
YNL336W,1
YDR079C-A,1
YDL238C,1
YLR145W,1
YNL221C,3
YJL191W,1
YOR148C,1
YKR084C,1
YBR246W,1
YPR138C,1
YGR201C,2
YKL148C,1
YNL104C,1
YDL237W,2
YJL160C,1
YDR400W,1
YOR360C,1
YDR327W,1
YDL023C,1
YLR046C,1
YMR030W,1
YLR008C,1
YIL098C,1
YHR063C,1
YPR125W,1
YLR140W,1
YIL166C,2
YBR037C,3
YKL093W,1
YDL231C,1
YDR018C,1
YIL172C,1
YDR151C,1
YKL055C,1
YGR251W,1
YPR063C,1
YOR192C,1
YLR339C,3
YHL036W,1
YGR235C,1
YGR219W,1
YBR300C,1
YJR044C,1
YDR397C,1
YGL242C,1
Q0250,3
YER153C,2
YER128W,1
YER069W,2
YOR153W,1
YER137C,1
YLR171W,1
YOR356W,1
YDL248W,1
YKL197C,1
YJR055W,3
YGR006W,1
YDL144C,1
YML089C,1
YLR137W,1
YIL056W,1
YJL183W,4
YFL036W,2
YCR060W,1
YGR168C,1
YDR370C,1
YDL196W,2
YLR412W,1
YLL059C,1
YGL139W,1
YLR393W,1
YGR161W-B,2
YJL165C,2
YNR045W,1
YOL088C,2
YLR042C,1
YKL033W,1
YDR346C,1
YAL058W,2
YFL058W,1
YLR250W,1
YMR228W,3
YCL019W,4
YGL038C,1
YCL007C,1
YCR003W,1
YPL196W,1
YER163C,1
YCR105W,1
YPR099C,1
YLR173W,1
YGL148W,1
YPL007C,1
YAL001C,1
YHL024W,1
YLR255C,1
YJR003C,1
YDR442W,1
YPL163C,1
YGL032C,1
YDR536W,1
YOR107W,1
YLR349W,1
YDR435C,1
YER175C,1
YDR013W,1
YBL006C,1
YNR002C,2
YMR074C,1
YML070W,1
YEL019C,1
YGR107W,1
YGR126W,1
YDR119W,4
YNL145W,1
Q0275,1
YGL183C,1
YOR350C,2
YBR204C,1
YLR366W,1
YLL012W,2
YCR047C,2
YKL102C,1
YPR123C,1
YOR131C,1
YOR352W,1
YLR123C,1
YPL134C,1
YLR351C,1
YGR197C,1
YKL015W,2
YIR027C,1
YDR275W,1
YKL087C,1
YHR080C,1
YOR305W,1
YCR023C,2
YGL247W,1
YGL184C,1
YNL081C,1
YNL155W,2
YPL251W,1
YGR045C,1
YDR504C,1
YDR374C,1
YDR250C,1
YBL100C,1
YMR133W,1
YKL149C,1
YFR018C,1
YML043C,1
YFL067W,1
YOR003W,1
YJL096W,3
YBR194W,1
YGR030C,1
YBR257W,1
YLR038C,1
YOL103W-B,1
YGR228W,1
YOL124C,1
YGR157W,1
YJL082W,1
YNL100W,1
YDL157C,1
YCR045C,1
YNL052W,1
YKL222C,1
YGL114W,1
YDL103C,1
YAL051W,1
YNL034W,1
YLR040C,1
YDR380W,2
YJR067C,2
YDR344C,1
YLL047W,1
YML107C,1
YGL214W,1
YHR078W,2
YGL177W,1
YJR125C,1
YBR212W,1
YGL155W,1
YLR316C,1
YER061C,1
YOL110W,1
YKL084W,1
YBR222C,1
YLR036C,1
YIL085C,1
YGL102C,1
YDR221W,1
YEL072W,1
YBR226C,1
YMR289W,1
YIL027C,1
YOR366W,1
YGR292W,4
YLR099C,1
YJL213W,1
YNL219C,1
YKL047W,1
YLR085C,1
YKL217W,1
YFL044C,1
YPL193W,1
YIR028W,1
YCL020W,1
YHR091C,1
YOR236W,1
YDR261W-A,3
YDR261W-B,2
YOR130C,1
YOR095C,1
YMR075C-A,1
YKL191W,2
YOR382W,1
YLR406C,1
YBR013C,1
YDL104C,1
YBR299W,1
YFL002W-B,1
YIL103W,1
YFL051C,2
YNL316C,1
YKL026C,1
YLR299W,1
YNL193W,1
YHR151C,1
YLR317W,1
YNL140C,1
YOL056W,1
YLR387C,1
YJL094C,1
YLR193C,1
YOL137W,1
YNL019C,1
YLR001C,1
YLR415C,1
YFL065C,1
YLR388W,1
YKR016W,1
YJR130C,1
YEL059W,1
YER169W,1
YPL071C,1
YPR031W,1
YBR266C,1
YHR163W,1
YDR287W,1
YDR454C,1
YDR262W,1
YLR348C,1
YBL113C,1
YDR403W,1
YKR053C,1
YFR007W,1
YBR056W,1
YCL065W,1
YLR374C,1
YBR012C,1
YPL221W,1
YBR033W,1
YNL228W,1
