arCOG07477,YJR013W
COG0002,YER069W
COG0004,YNL142W
COG0006,YLL029W
COG0006,YFR006W
COG0006,YER078C
COG0007,YKR069W
COG0008,YOL033W
COG0008,YGL245W
COG0008,YJL189W
COG0008,YOR168W
COG0009,YGL169W
COG0010,YPL111W
COG0011,YBL001C
COG0012,YHL014C
COG0012,YGR210C
COG0013,YHR166C
COG0014,YOR323C
COG0015,YLR359W
COG0016,YPR047W
COG0016,YFL022C
COG0017,YCR024C
COG0017,YLL018C
COG0017,YHR019C
COG0018,YDR341C
COG0018,YHR091C
COG0019,YKL184W
COG0020,YDL193W
COG0021,YPR074C
COG0022,YBR221C
COG0023,YJR014W
COG0023,YNL244C
COG0024,YDR101C
COG0025,YLR138W
COG0025,YDR456W
COG0028,YMR108W
COG0028,YEL020C
COG0030,YPL266W
COG0031,YGR012W
COG0031,YGR155W
COG0033,YMR105C
COG0033,YKL127W
COG0034,YMR300C
COG0036,YJL121C
COG0038,YJR040W
COG0039,YDL078C
COG0039,YOL126C
COG0039,YKL085W
COG0040,YER055C
COG0042,YNR015W
COG0042,YML080W
COG0044,YIR027C
COG0046,YGR061C
COG0048,YGR118W
COG0048,YPR132W
COG0048,YNR036C
COG0049,YJR113C
COG0049,YJR123W
COG0050,YOR187W
COG0051,YDR041W
COG0051,YHL015W
COG0052,YHL004W
COG0053,YPL224C
COG0053,YMR177W
COG0055,YMR176W
COG0055,YJR119C
COG0057,YGR192C
COG0059,YLR355
COG0060,YPL040C
COG0060,YBL076C
COG0061,YPL188W
COG0061,YJR049C
COG0061,YEL041W
COG0062,YEL015W
COG0069,YDL171C
COG0071,YDR171W
COG0071,YBR072W
COG0072,YLR060W
COG0075,YFL030W
COG0076,YDR294C
COG0076,YMR250W
COG0077,YNL316C
COG0079,YIL116W
COG0080,YDR418W
COG0080,YEL054C
COG0080,YNL185C
COG0081,YGL135W
COG0081,YDR116C
COG0082,YGL148W
COG0083,YHR025W
COG0084,YMR262W
COG0086,YDL140C
COG0087,YGR220C
COG0087,YOR063W
COG0088,YDL083C
COG0088,YML025C
COG0088,YBR031W
COG0089,YOL127W
COG0090,YFR031C-A
COG0090,YIL018W
COG0090,YEL050C
COG0091,YJL177W
COG0091,YNL177C
COG0092,YNL178W
COG0093,YBL087C
COG0093,YER117W
COG0093,YKL170W
COG0094,YDR237W
COG0094,YGR085C
COG0095,YJL046W
COG0096,YJL190C
COG0096,YLR367W
COG0096,YMR158W
COG0097,YHR147C
COG0097,YNL067W
COG0097,YGL147C
COG0098,YBR251W
COG0098,YGL123W
COG0099,YDR450W
COG0099,YNL081C
COG0100,YCR031C
COG0100,YNL306W
COG0101,YPL212C
COG0101,YGL063W
COG0101,YFL001W
COG0102,YIL133C
COG0102,YOR150W
COG0103,YBR146W
COG0105,YKL067W
COG0107,YBR248C
COG0110,YJL218W
COG0111,YER081W
COG0111,YPL275W
COG0111,YIL074C
COG0113,YGL040C
COG0114,YPL262W
COG0115,YMR289W
COG0115,YJR148
COG0119,YNL104C
COG0119,YDL182W
COG0120,YOR095C
COG0122,YML060W
COG0122,YER142C
COG0123,YPR068C
COG0123,YNL330C
COG0123,YPL116W
COG0123,YGL194C
COG0123,YNL021W
COG0124,YDR283C
COG0124,YPR033C
COG0125,YJR057W
COG0126,YCR012W
COG0129,YJR016C
COG0130,YNL292W
COG0130,YLR175W
COG0131,YOR202W
COG0132,YNR057C
COG0133,YGL026C
COG0134,YKL211C
COG0135,YDR007W
COG0136,YDR158W
COG0137,YOL058W
COG0138,YLR028C
COG0138,YMR120C
COG0139,YCL030C
COG0141,YBR114W
COG0141,YCL030C
COG0142,YPL069C
COG0142,YJL167W
COG0142,YBR003W
COG0143,YGL105W
COG0143,YGR171C
COG0143,YGR264C
COG0144,YNL022C
COG0144,YNL061W
COG0144,YBL024W
COG0145,YKL215C
COG0147,YNR033W
COG0147,YER090W
COG0148,YGR254W
COG0149,YDR050C
COG0151,YGL234W
COG0152,YOR128C
COG0152,YAR015W
COG0153,YOR128C
COG0153,YBR020W
COG0154,YBR208C
COG0154,YDR242W
COG0155,YJR137C
COG0156,YMR296C
COG0156,YDR062W
COG0156,YDR232W
COG0158,YLR377C
COG0158,YLR37
COG0159,YGL026C
COG0160,YGR019W
COG0162,YPL097W
COG0162,YGR185C
COG0165,YHR018C
COG0166,YBR196C
COG0168,YJL129C
COG0170,YOR311C
COG0170,YMR013C
COG0171,YHR074W
COG0172,YHR011W
COG0172,YDR023W
COG0173,YPL104W
COG0174,YPR035W
COG0175,YMR178W
COG0175,YPR167C
COG0175,YDL045C
COG0179,YNL168C
COG0180,YDR268W
COG0180,YOL097C
COG0181,YDL205C
COG0183,YPL028W
COG0183,YIL160C
COG0184,YDR337W
COG0184,YDR064W
COG0185,YNR037C
COG0185,YOL040C
COG0186,YMR188C
COG0186,YBR048W
COG0190,YKR080W
COG0191,YKL060C
COG0193,YHR189W
COG0194,YDR454C
COG0196,YDR236C
COG0197,YOL031C
COG0197,YLR075W
COG0197,YBL038W
COG0197,YBR101C
COG0198,YGR034W
COG0199,YDL061C
COG0199,YPR166C
COG0200,YNL284C
COG0200,YGL103W
COG0201,YBR283C
COG0201,YLR378C
COG0202,YIL021W
COG0202,YPR110C
COG0203,YJL063C
COG0204,YDL052C
COG0204,YBL011W
COG0204,YKR067W
COG0204,YBR042C
COG0205,YMR205C
COG0207,YOR074C
COG0210,YOL095C
COG0210,YJL092W
COG0211,YNL005C
COG0212,YER183C
COG0214,YOR126C
COG0214,YMR096W
COG0215,YNL247W
COG0216,YLR281C
COG0216,YGL143C
COG0217,YGR021W
COG0218,YDR336W
COG0221,YMR267W
COG0221,YBR011C
COG0222,YGL068W
COG0223,YBL013W
COG0224,YBR039W
COG0225,YER042W
COG0227,YMR193W
COG0228,YPL013C
COG0229,YCL033C
COG0231,YEL034W
COG0233,YHR038W
COG0234,YOR020C
COG0235,YJR024C
COG0237,YDR196C
COG0239,YPL279C
COG0241,YMR156C
COG0244,YDL202W
COG0248,YGL252C
COG0249,YDL154W
COG0249,YFL003C
COG0249,YCR092C
COG0249,YHR120W
COG0251,YLR143W
COG0251,YER057C
COG0252,YLR160C
COG0252,YHR139C
COG0252,YDR321W
COG0255,YDL191W
COG0256,YPL131W
COG0257,YPL183WA
COG0258,YER041W
COG0258,YGR258C
COG0258,YDR263C
COG0259,YBR035C
COG0262,YOR236W
COG0263,YHR033W
COG0263,YDR300C
COG0265,YIL007C
COG0265,YNL123W
COG0267,YML009C
COG0271,YAL044W-A
COG0271,YGL220W
COG0277,YDL174C
COG0277,YDL178W
COG0277,YML086C
COG0278,YPL059W
COG0278,YDR098C
COG0281,YKL029C
COG0284,YMR292W
COG0285,YMR113W
COG0285,YKL132C
COG0287,YBR166C
COG0291,YNL122C
COG0293,YGL136C
COG0294,YNL256W
COG0295,YLR245C
COG0296,YEL011W
COG0299,YDR408C
COG0302,YGR267C
COG0304,YER061C
COG0307,YBR256C
COG0308,YNL045W
COG0308,YIL137C
COG0308,YHR047
COG0311,YMR095C
COG0316,YPR067W
COG0316,YLL027W
COG0318,YOR093C
COG0318,YBR222C
COG0323,YNL082W
COG0323,YPL164C
COG0323,YLR035C
COG0323,YMR167W
COG0326,YMR186W
COG0327,YGL221C
COG0328,YMR234W
COG0330,YGR231C
COG0330,YGR132C
COG0331,YOR221C
COG0331,YPL231W
COG0331,YKL182W
COG0333,YCR003W
COG0334,YAL062W
COG0335,YCR046C
COG0339,YKL134C
COG0339,YCL057W
COG0340,YDL141W
COG0345,YER023W
COG0346,YML004C
COG0349,YOR001W
COG0350,YDL200C
COG0351,YOL055C
COG0354,YJR122W
COG0355,YDL004W
COG0360,YKL003C
COG0361,YMR260C
COG0363,YGR248W
COG0363,YCR073W-A
COG0365,YLR153C
COG0365,YAL054C
COG0366,YOL157C
COG0367,YML096W
COG0367,YGR124W
COG0369,YHR042W
COG0369,YFR030W
COG0372,YPR001W
COG0372,YCR005C
COG0383,YGL156W
COG0384,YHR029C
COG0385,YMR034C
COG0386,YIR037W
COG0386,YBR244W
COG0387,YNL321W
COG0387,YDL128W
COG0388,YJR062C
COG0388,YLR351C
COG0388,YJL126W
COG0389,YOR346W
COG0389,YDR419W
COG0391,YNL011C
COG0394,YPR073C
COG0397,YPL222W
COG0398,YKR088C
COG0400,YLR118C
COG0402,YDL238C
COG0405,YLR299W
COG0406,YOR110W
COG0406,YOL136C
COG0406,YIL107C
COG0406,YJL155C
COG0407,YDR047W
COG0408,YDR044W
COG0412,YDL086W
COG0414,YIL145C
COG0415,YOR386W
COG0417,YNL262W
COG0417,YPL167C
COG0417,YDL102W
COG0417,YNL102W
COG0418,YLR420W
COG0419,YNL250W
COG0420,YMR224C
COG0421,YLR146C
COG0421,YPR069C
COG0423,YBR121C
COG0424,YOR111W
COG0427,YBL015W
COG0428,YKL175W
COG0428,YIL023C
COG0429,YMR210W
COG0429,YBR177C
COG0430,YOL010W
COG0431,YLR011W
COG0435,YKR076W
COG0436,YLR089C
COG0436,YJL060W
COG0438,YNL048W
COG0438,YPL175W
COG0438,YGL065C
COG0438,YBR110W
COG0439,YMR207C
COG0440,YCL009C
COG0441,YIL078W
COG0441,YKL194C
COG0442,YER087W
COG0443,YDL229W
COG0443,YNL209w
COG0443,YHR064C
COG0443,YLR369W
COG0443,YBR169C
COG0443,YBL075C
COG0443,YLL024C
COG0443,YKL073W
COG0443,YJL034W
COG0443,YEL030W
COG0445,YGL236C
COG0445,YAL042W
COG0445,YML067C
COG0448,YJL088W
COG0449,YMR085W
COG0449,YKL104C
COG0449,YMR084W
COG0449,YNL191W
COG0450,YDR453C
COG0450,YBL064C
COG0451,YLL056C
COG0451,YOL151W
COG0451,YGL001C
COG0452,YOR054C
COG0452,YKR072C
COG0454,YJL127C
COG0454,YDR071C
COG0454,YPR193C
COG0454,YFL017C
COG0456,YOR253W
COG0456,YPR131C
COG0456,YPR051W
COG0456,YHR013C
COG0457,YCR060W
COG0457,YDR320C
COG0457,YOR027W
COG0457,YOR007C
COG0457,YBR112C
COG0457,YOL145C
COG0457,YBR155W
COG0457,YBL084C
COG0458,YJL130C
COG0458,YJR109C
COG0458,YOR303W
COG0459,YBR044C
COG0459,YLR259C
COG0461,YML106W
COG0461,YEL021W
COG0462,YOL061W
COG0462,YBL068W
COG0462,YHL011C
COG0462,YKL181W
COG0463,YPR183W
COG0463,YPL227C
COG0464,YPL074W
COG0464,YBR080C
COG0464,YER047C
COG0464,YLL034C
COG0464,YNL329C
COG0464,YKL197C
COG0464,YBR186W
COG0464,YGR028W
COG0464,YDL126C
COG0464,YLR397C
COG0465,YMR089C
COG0465,YPR024W
COG0465,YDR375C
COG0465,YER017C
COG0467,YDR076W
COG0468,YDR004W
COG0468,YER095W
COG0468,YER179W
COG0469,YAL038W
COG0470,YJR068W
COG0470,YBR087W
COG0470,YOL094C
COG0470,YNL290W
COG0470,YER173W
COG0471,YNR013C
COG0471,YCR037C
COG0472,YBR243C
COG0473,YIL094C
COG0474,YOR291W
COG0474,YEL031W
COG0474,YGL008C
COG0474,YDR039C
COG0474,YDR040C
COG0474,YAL026C
COG0474,YMR162C
COG0474,YDR093W
COG0475,YJL094C
COG0476,YPL003W
COG0476,YPR066W
COG0476,YDR390C
COG0476,YKL210W
COG0476,YHR171W
COG0476,YPR180W
COG0477,YGL104C
COG0477,YGR065C
COG0477,YGR260W
COG0477,YLR004C
COG0477,YAL067C
COG0477,YCR028C
COG0478,YNL207W
COG0480,YDR385W
COG0480,YKL173W
COG0480,YNL163C
COG0482,YDL033C
COG0483,YDR287W
COG0483,YHR046C
COG0484,YNL064C
COG0484,YLR090W
COG0484,YNL007C
COG0484,YMR214W
COG0484,YFL016C
COG0484,YJR097W
COG0484,YJL162C
COG0484,YJL073W
COG0484,YMR161W
COG0484,YGL128C
COG0484,YNL077W
COG0486,YMR023C
COG0488,YLR249W
COG0488,YPL226W
COG0488,YFR009W
COG0488,YER036C
COG0489,YIL003W
COG0491,YOR040W
COG0491,YDR272W
COG0492,YDR353W
COG0493,YDR376W
COG0494,YBR111C
COG0494,YLR151C
COG0494,YOR163W
COG0494,YNL118C
COG0495,YLR382C
COG0495,YPL160W
COG0498,YCR053W
COG0499,YER043C
COG0500,YML014W
COG0500,YER175C
COG0500,YDR316W
COG0500,YBR034C
COG0500,YML008C
COG0500,YCR047C
COG0501,YJR117W
COG0501,YKR087C
COG0502,YGR286C
COG0503,YML02W
COG0503,YDR441C
COG0507,YML061C
COG0508,YGR193C
COG0508,YDR148C
COG0510,YDR147W
COG0512,YKL211C
COG0513,YJL138C
COG0513,YDL084W
COG0513,YFL002C
COG0513,YHR065C
COG0513,YBR237W
COG0513,YDR243C
COG0513,YDR194C
COG0513,YGL064C
COG0513,YBR142W
COG0513,YJL033W
COG0513,YMR290C
COG0513,YDR021W
COG0513,YLL008W
COG0513,YDL160C
COG0513,YOR204W
COG0513,YLR276C
COG0513,YHR169W
COG0513,YKR024C
COG0513,YNR038W
COG0513,YGL078C
COG0513,YNL112W
COG0513,YDL031W
COG0514,YMR190C
COG0515,YAL017W
COG0515,YDL079C
COG0515,YNL307C
COG0515,YHR079C
COG0517,YGL056C
COG0517,YGL115W
COG0517,YBR214W
COG0518,YLR126C
COG0519,YMR217W
COG0522,YBR189W
COG0522,YNL137C
COG0522,YHR148W
COG0523,YNR029C
COG0524,YCR019W
COG0524,YJR105W
COG0525,YGR094W
COG0526,YCR083W
COG0526,YGR209C
COG0526,YDR183W
COG0526,YCL043C
COG0526,YOL088C
COG0526,YOR288C
COG0526,YIL005W
COG0527,YJR139C
COG0527,YER052C
COG0530,YDL206W
COG0530,YJR106W
COG0531,YKL174C
COG0531,YOL020W
COG0531,YBR069C
COG0531,YDR160W
COG0531,YOR348C
COG0531,YHL036W
COG0531,YGR055W
COG0531,YNL268W
COG0531,YGL077C
COG0531,YGR191W
COG0531,YKR039W
COG0531,YPL265W
COG0531,YBR068C
COG0531,YNL270C
COG0531,YBR132C
COG0531,YCL025C
COG0532,YOL023W
COG0532,YAL035W
COG0533,YDL104C
COG0534,YDR338C
COG0536,YHR168W
COG0537,YDR305C
COG0537,YDL125C
COG0538,YLR174W
COG0538,YDL066W
COG0539,YMR229C
COG0542,YDR258C
COG0542,YLL026W
COG0543,YML087C
COG0543,YML125C
COG0543,YKL150W
COG0543,YOR037W
COG0543,YIL043C
COG0545,YLR449W
COG0545,YDR519W
COG0545,YNL135C
COG0546,YOR131C
COG0547,YDR354W
COG0548,YER069W
COG0552,YDR292C
COG0553,YDR334W
COG0553,YIL126W
COG0553,YOR290C
COG0553,YOR191W
COG0553,YBR073W
COG0553,YGL163C
COG0553,YLR032W
COG0553,YJR035W
COG0553,YOR304W
COG0553,YBR245C
COG0553,YGL150C
COG0553,YER164W
COG0554,YDR109C
COG0554,YGR270W
COG0554,YGL048C
COG0554,YDL007W
COG0554,YKL145W
COG0554,YNL249C
COG0554,YHL032C
COG0557,YDR293C
COG0557,YMR287C
COG0557,YOL021C
COG0558,YDL142C
COG0560,YGR208W
COG0563,YER170W
COG0563,YDR226W
COG0564,YOL066C
COG0564,YDL112W
COG0564,YGR169C
COG0564,YLR165C
COG0566,YDL112W
COG0566,YOR201C
COG0567,YIL125W
COG0571,YMR239C
COG0571,YDR020C
COG0571,YMR024W
COG0572,YDR020C
COG0572,YNL129W
COG0572,YHR128W
COG0575,YBR029C
COG0578,YIL155C
COG0580,YPR192W
COG0580,YLL043W
COG0584,YPL206C
COG0584,YGR233C
COG0584,YPL110C
COG0585,YOR243C
COG0588,YOL056W
COG0588,YDL021W
COG0588,YKL152C
COG0590,YLR316C
COG0590,YJL035C
COG0590,YDL036C
COG0590,YPR062W
COG0591,YHL016C
COG0596,YLR099c
COG0596,YLL012W
COG0596,YKL140W
COG0596,YHR075C
COG0596,YDR125C
COG0598,YOL130W
COG0598,YKL064W
COG0599,YJR111C
COG0604,YLR460C
COG0604,YBR046C
COG0604,YMR152W
COG0604,YBR026C
COG0604,YBL069W
COG0605,YJR101W
COG0605,YDR347W
COG0607,YOR285W
COG0612,YHR024C
COG0612,YPR191W
COG0612,YLR163C
COG0612,YBL045C
COG0615,YGR007W
COG0615,YGR202C
COG0617,YER168C
COG0620,YER091C
COG0622,YHR012W
COG0624,YFR044C
COG0624,YBR281C
COG0624,YJL172W
COG0625,YIR038C
COG0625,YNL229C
COG0625,YKL081W
COG0625,YPL048W
COG0626,YLL058W
COG0626,YGL184C
COG0626,YJR130C
COG0626,YLR303W
COG0626,YML082W
COG0626,YAL012W
COG0627,YJL068C
COG0631,YOR090C
COG0631,YHR076W
COG0631,YCR079W
COG0631,YBR125C
COG0631,YBL056W
COG0631,YDL006W
COG0633,YPL252C
COG0636,YEL027W
COG0636,YHR026W
COG0637,YKL033WA
COG0637,YER062C
COG0637,YHR043C
COG0637,YHR044C
COG0638,YMR314W
COG0638,YGL011C
COG0638,YER094C
COG0638,YGR253C
COG0638,YOR157C
COG0638,YGR135W
COG0638,YBL041W
COG0638,YOL038W
COG0638,YPR103W
COG0638,YOR362C
COG0638,YER012W
COG0639,YGR123C
COG0639,YDL047W
COG0639,YDR436W
COG0639,YPL179W
COG0639,YDR075W
COG0639,YDL188C
COG0639,YNR032W
COG0639,YER133W
COG0639,YLR433C
COG0642,YLR006C
COG0642,YIL147C
COG0642,YHR206W
COG0642,YIL042C
COG0646,YLL062C
COG0646,YPL273W
COG0647,YKR070W
COG0647,YDL236W
COG0648,YKL114C
COG0652,YLR216C
COG0652,YPL064C
COG0652,YJR032W
COG0652,YCR069W
COG0654,YGR175C
COG0654,YGR255C
COG0654,YBL098W
COG0655,YDR032C
COG0655,YCR004C
COG0655,YBR052C
COG0656,YDR368W
COG0656,YHR104W
COG0656,YBR149W
COG0657,YGR263C
COG0659,YLR092W
COG0661,YLR253W
COG0661,YBR230W-A
COG0661,YGL119W
COG0665,YHR009C
COG0666,YCR051W
COG0666,YPL239W
COG0666,YML097C
COG0666,YLR182W
COG0666,YER111C
COG0666,YGR233C
COG0666,YDL019C
COG0666,YGR232W
COG0666,YDL056W
COG0666,YIL112W
COG0666,YPL110C
COG0666,YDR273W
COG0666,YMR068W
COG0667,YPR127W
COG0667,YMR041C
COG0670,YNL305C
COG0671,YDR284C
COG0671,YDR503C
COG0671,YJL134W
COG0671,YGR036C
COG0672,YER145C
COG0672,YBR207W
COG0673,YMR315W
COG0673,YML051W
COG0678,YLR109W
COG0679,YOR092w
COG0681,YMR035W
COG0681,YMR150C
COG0684,YER010C
COG0685,YGL125W
COG0685,YPL023C
COG0685,YKR066C
COG0689,YGR095C
COG0689,YGR195W
COG0689,YGR158C
COG0693,YDR533C
COG0694,YKL040C
COG0695,YDL010W
COG0695,YPL156C
COG0695,YCL035C
COG0696,YMR061W
COG0697,YML018C
COG0697,YML038C
COG0697,YDR438W
COG0697,YPL244C
COG0699,YLL001W
COG0699,YKR001C
COG0699,YOR211C
COG0699,YBR179C
COG0702,YLR290C
COG0702,YER004W
COG0705,YGR101W
COG0706,YGR062C
COG0706,YER154W
COG0708,YBL019W
COG0712,YDR298C
COG0715,YDL244W
COG0724,YBL051C
COG0724,YIL061C
COG0724,YGL044C
COG0724,YGR156W
COG0724,YDR432W
COG0724,YDL213C
COG0726,YLR308w
COG0731,YPL207W
COG0736,YPL148C
COG0737,YHR202W
COG0738,YOL137W
COG0749,YOR330C
COG0753,YGR088W
COG0756,YBR252W
COG0760,YJR017C
COG0790,YBL061C
COG0790,YLR207W
COG0798,YPR201W
COG0800,YIR042C
COG0807,YDR487c
COG0807,YBL033C
COG0814,YNL101W
COG0814,YIL088C
COG0814,YBL089W
COG0814,YKL146W
COG0814,YEL064C
COG0814,YJR001W
COG0819,YCR020C
COG0822,YOR226C
COG0846,YDR191W
COG0846,YDL042C
COG0846,YOR025W
COG0846,YPL015C
COG0847,YGR276C
COG0847,YOL080C
COG0847,YLR107W
COG0847,YGL094C
COG1011,YMR130W
COG1011,YER037W
COG1012,YMR110c
COG1012,YBR006W
COG1012,YHR037W
COG1012,YHR039C
COG1012,YPL061W
COG1012,YER073W
COG1012,YOR374W
COG1012,YMR169C
COG1012,YMR170C
COG1019,YGR277C
COG1020,YBR115C
COG1022,YER015W
COG1022,YMR246W
COG1024,YLR284C
COG1025,YLR389C
COG1025,YPR122W
COG1026,YOL098C
COG1026,YDR430C
COG1028,YOR246C
COG1028,YNL202W
COG1028,YKL055C
COG1028,YIL124W
COG1041,YOL124C
COG1048,YLR304C
COG1052,YPL113C
COG1052,YNL274C
COG1053,YEL047C
COG1053,YJR051W
COG1057,YGR010W
COG1057,Q06178
COG1061,YDR332W
COG1061,YIL143C
COG1062,YDL168W
COG1063,YLR070C
COG1063,YAL061W
COG1063,YAL060W
COG1064,YMR318C
COG1064,YCR105W
COG1064,YBR145W
COG1064,YMR083W
COG1070,YGR194c
COG1072,YFR007W
COG1073,YDL057W
COG1075,YDR058C
COG1076,YGL018C
COG1085,YBR018C
COG1087,YBR019C
COG1093,YJR007W
COG1094,YOR145C
COG1094,YOR3513C
COG1095,YDR404C
COG1095,YKL144C
COG1096,YNL232W
COG1097,YOL142W
COG1097,YHR069C
COG1100,YOR262W
COG1100,YER031C
COG1100,YNL304W
COG1100,YML064C
COG1100,YGR152C
COG1100,YNL180C
COG1100,YKR055W
COG1100,YIL118W
COG1100,YNL090W
COG1100,YPR165W
COG1100,YCR027C
COG1100,YNL098C
COG1100,YLR229C
COG1100,YBR164C
COG1100,YOR094W
COG1100,YDL137W
COG1104,YCL017C
COG1109,YMR278W
COG1111,YIR002C
COG1112,YLR430w
COG1112,YMR080C
COG1112,YKL017C
COG1112,YER176W
COG1112,YHR164C
COG1131,YOL075C
COG1131,YDR011W
COG1131,YOR153W
COG1131,YPL058C
COG1131,YIL013C
COG1131,YOR011W
COG1131,YCR011C
COG1132,YGR281W
COG1132,YLL048C
COG1132,YDR135C
COG1132,YHL035C
COG1132,YKL209C
COG1132,YPL270W
COG1132,YLR188W
COG1132,YLL015W
COG1155,YDL185w
COG1156,YBR127C
COG1161,YMR097C
COG1161,YER006W
COG1161,YGL099W
COG1163,YGR173W
COG1163,YAL036C
COG1163,P53295
COG1167,YGL202W
COG1167,YHR137W
COG1171,YCL064c
COG1171,YER086W
COG1179,YKL027W
COG1183,YER026C
COG1184,YLR291C
COG1184,YKR026C
COG1184,YGR083C
COG1186,YOL114c
COG1190,YNL073W
COG1190,YDR037W
COG1196,YLR383w
COG1196,YOL034W
COG1196,YLR086W
COG1196,YJL074C
COG1196,YFR031C
COG1196,YFL008W
COG1199,YPL008W
COG1199,YER171W
COG1204,YGR271W
COG1204,YGL251C
COG1204,YER172C
COG1205,YDR291W
COG1208,YDR211W
COG1208,YDL055C
COG1208,YOR260W
COG1215,YBR023C
COG1215,YBR038W
COG1215,YNL192W
COG1218,YOL064C
COG1219,YBR227c
COG1222,YOR259C
COG1222,YOR117W
COG1222,YDR394W
COG1222,YKL145W
COG1225,YIL010W
COG1227,YHR201C
COG1228,YJL213W
COG1230,YDR205w
COG1230,YMR243C
COG1231,YMR020w
COG1234,YKR079C
COG1236,YLR115w
COG1236,YLR277C
COG1236,YMR137C
COG1241,YGL201C
COG1241,YEL032W
COG1241,YBL023C
COG1241,YPR019W
COG1241,YBR202W
COG1241,YLR274W
COG1245,YDR091C
COG1249,YFL018C
COG1249,YPL017C
COG1249,YPL091W
COG1252,YMR145C
COG1252,YML120C
COG1252,YDL085W
COG1253,YOL060c
COG1253,YJM789
COG1257,YML075C
COG1260,YJL153C
COG1272,YDR492W
COG1272,YLR023C
COG1272,YOL002C
COG1275,YPL092W
COG1287,YGL022W
COG1293,YPL009C
COG1297,YGL114W
COG1304,YML054C
COG1308,YHR193C
COG1310,YOR261C
COG1310,YDL216C
COG1310,YFR004W
COG1311,YJR006W
COG1335,YGL037C
COG1341,YLL035W
COG1355,YJR008W
COG1358,YOR369C
COG1358,YEL026W
COG1358,YHL033C
COG1358,YDL208W
COG1362,YML102W
COG1362,YKL103C
COG1369,YAL033W
COG1372,YDL227c
COG1382,YLR200W
COG1382,YNL153C
COG1383,YDR447C
COG1387,YFR025C
COG1390,YOR332W
COG1394,YEL051W
COG1400,YML105C
COG1404,YCR045C
COG1404,YEL060C
COG1404,YNL238W
COG1405,YGR246C
COG1405,YPR086W
COG1409,YOR137C
COG1409,YLR361C
COG1412,YOR004W
COG1412,YDR339C
COG1439,YOR056c
COG1443,YPL117C
COG1448,YKL106w
COG1448,YLR027C
COG1454,YGL256W
COG1457,YGL186C
COG1457,YER060W-A
COG1457,YER056C
COG1467,YIR008C
COG1471,YHR203C
COG1471,YJR145C
COG1474,YML065W
COG1474,YLR442C
COG1474,YJL194W
COG1482,YER003C
COG1485,YEL052W
COG1488,YOR209C
COG1490,YDL219W
COG1498,YLR197w
COG1498,YGR091W
COG1498,YOR310C
COG1500,YLR022C
COG1501,YBR229C
COG1502,YKR031C
COG1502,YCL004W
COG1503,YBR143C
COG1506,YOR219c
COG1506,YHR028C
COG1524,YLL031C
COG1524,YCR026C
COG1524,YKL165C
COG1524,YJL062W
COG1525,YGL085W
COG1552,YLL039C
COG1552,YIL148W
COG1552,YKR094C
COG1554,YPR026w
COG1562,YHR190W
COG1564,YOR143C
COG1584,YDR384C
COG1584,YCR010C
COG1587,YOR278W
COG1590,YGL050W
COG1594,YGL043W
COG1597,YOR171C
COG1597,YLR260W
COG1601,YPR041w
COG1601,YPL237W
COG1603,YHR062C
COG1605,YPR060C
COG1610,YOR215C
COG1611,YJL055W
COG1612,YER141W
COG1621,YIL162W
COG1626,YDR001c
COG1626,YBR001C
COG1631,YHR141C
COG1631,YNL162W
COG1632,YLR029C
COG1632,YMR121C
COG1635,YGR144W
COG1643,YLR419W
COG1643,YGL120C
COG1643,YER013W
COG1643,YNR011C
COG1643,YKR086W
COG1643,YMR128W
COG1643,YKL078W
COG1644,YOR210W
COG1648,YBR213w
COG1657,YHR072W
COG1675,YKL028W
COG1678,YGR180c
COG1696,YGL084C
COG1697,YHL022C
COG1716,YLR238w
COG1716,YDR200C
COG1716,YHR115C
COG1717,YBL092W
COG1718,YOR119C
COG1723,YDR282C
COG1723,YFR048W
COG1723,YDL001W
COG1727,YNL301C
COG1727,YOL120C
COG1730,YML094w
COG1736,YIL103W
COG1739,YDL177C
COG1739,YCR059C
COG1748,YNR050C
COG1748,YIR034C
COG1752,YMR313C
COG1752,YKR089C
COG1756,YLR186w
COG1758,YPR187W
COG1761,YOL005C
COG1761,YNL113W
COG1774,YLR177W
COG1774,YDR505C
COG1779,YGR211W
COG1785,YDR481C
COG1793,YOR005C
COG1793,YDL164C
COG1796,YCR014C
COG1798,YLR172C
COG1813,YOR298C-A
COG1814,YLR220W
COG1816,YJL070C
COG1816,YML035C
COG1818,YGL232W
COG1841,YNL002C
COG1841,YGL076C
COG1841,YMR286W
COG1859,YOL102C
COG1864,YJL208C
COG1866,YKR097W
COG1867,YDR120C
COG1877,YMR261c
COG1877,YML100W
COG1877,YDR074W
COG1877,YBR126C
COG1881,YDR322W
COG1881,YLR178C
COG1889,YDL014W
COG1890,YLR441C
COG1890,YML063W
COG1893,YHR063C
COG1893,YDR251W
COG1893,YDR197W
COG1896,YGL101w
COG1899,YHR068W
COG1902,YHR179W
COG1911,YGL030W
COG1914,YOL122C
COG1914,YLR034C
COG1914,YHR050W
COG1928,YJR143C
COG1928,YGR199W
COG1928,YDL093W
COG1928,YAL023C
COG1928,YDL095W
COG1932,YOR184w
COG1946,YJR019C
COG1948,YDR386W
COG1948,YPL022W
COG1949,YLR059c
COG1953,YOR192C
COG1953,YLR237W
COG1953,YBR021W
COG1953,YBL042C
COG1953,YIR028W
COG1956,YKL069W
COG1957,YDR400W
COG1958,YOR159C
COG1958,YLR147C
COG1958,YLR275W
COG1958,YGR074W
COG1958,YER029C
COG1958,YCR020C-A
COG1958,YDR378C
COG1958,YER146W
COG1960,YGL205W
COG1965,YDL120W
COG1976,YPR016C
COG1985,YLR429W
COG1985,YBR153W
COG1990,YBL057C
COG1996,YHR143W-A
COG1997,YJR094W-A
COG1997,YPR043W
COG1999,YBR037c
COG1999,YBR024W
COG2004,YER074W
COG2004,YIL069C
COG2007,YBL072C
COG2007,YER126C
COG2007,YER102W
COG2008,YEL046C
COG2009,YMR118C
COG2009,YKL141W
COG2012,YBR154C
COG2015,YOL164W
COG2016,YDR117C
COG2021,YNL277W
COG2023,YIR015W
COG2025,YPR004C
COG2030,YKR009C
COG2036,YNL031C
COG2036,YBR010W
COG2036,YNL030W
COG2036,YBR009C
COG2036,YBL021C
COG2036,YKL049C
COG2046,YJR010W
COG2051,YHR021C
COG2053,YOR167C
COG2053,YLR264W
COG2058,YDL081C
COG2058,YDR382W
COG2058,YOL039W
COG2058,YDL130W
COG2072,YHR176W
COG2075,YGL031C
COG2075,YLR009W
COG2078,YOR289W
COG2079,YPR002W
COG2086,YGR207C
COG2091,YGL154C
COG2092,YAL003W
COG2097,YDL075W
COG2097,YLR406C
COG2101,YER148W
COG2102,YLR143w
COG2106,YMR310C
COG2110,YBR022W
COG2114,YJL005w
COG2116,YHL008C
COG2116,YOR349W
COG2118,YMR074C
COG2119,YBR187W
COG2120,YMR281W
COG2123,YDL111C
COG2123,YDR280W
COG2123,YCR035C
COG2124,YDR402C
COG2124,YMR015C
COG2124,YHR007C
COG2125,YBR181C
COG2125,YPL090c
COG2130,YML131w
COG2131,YHR144c
COG2132,YDR506C
COG2132,YFL041W
COG2132,YMR058W
COG2135,YMR114C
COG2136,YHR088W
COG2136,YNL075W
COG2136,YKL078W
COG2139,YBR191W
COG2145,YPL214C
COG2147,YBL027W
COG2147,YBR084C-A
COG2154,YHL018W
COG2157,YMR242C
COG2157,YOR312C
COG2163,YKL006W
COG2163,YLR448W
COG2163,YDR471W
COG2163,YHL001W
COG2174,YER056C-A
COG2174,YIL052C
COG2175,YLL057C
COG2183,YGR118W
COG2214,YLR008C
COG2214,YNL328C
COG2214,YIR004W
COG2214,YER048C
COG2217,YDR270W
COG2220,YPL103C
COG2225,YNL117W
COG2225,YIR031C
COG2227,YOL096C
COG2229,YKL154W
COG2234,YPL176C
COG2234,YJR126C
COG2234,YOR256C
COG2234,YBR286W
COG2236,YJR133W
COG2236,YDR399W
COG2238,YNL302C
COG2238,YOL121C
COG2240,YNR027W
COG2240,YEL029C
COG2256,YNL218W
COG2259,YGR284C
COG2260,YHR072W-A
COG2265,YKR056W
COG2267,YKL094W
COG2273,YEL040W
COG2273,YGR143W
COG2273,YLR213C
COG2273,YGR189C
COG2319,YDR128W
COG2319,YBR198C
COG2319,YBR103W
COG2319,YNL317W
COG2319,YNL182C
COG2319,YGL003C
COG2319,YGL116W
COG2319,YGR225W
COG2335,YLR001C
COG2340,YJL079c
COG2340,YJL078C
COG2365,YDR067C
COG2365,YNL032W
COG2365,YNL056W
COG2365,YNL099C
COG2376,YML070W
COG2423,YGL159W
COG2428,YOR021C
COG2440,YOR356W
COG2443,YDR086C
COG2451,YOR234C
COG2453,YIR026C
COG2453,YNL128W
COG2453,YIL113W
COG2453,YBR276C
COG2453,YFR028C
COG2513,YPR006c
COG2513,YER065C
COG2608,YMR038C
COG2730,YDR261c
COG2730,YLR300W
COG2759,YBR084W
COG2759,YGR204W
COG2801,YGR109W-B
COG2808,YKL070W
COG2816,YGL067w
COG2857,YOR065W
COG2866,YHR132C
COG2867,YOL008W
COG2872,YNL040W
COG2890,YDR140W
COG2890,YNL063W
COG2897,YOR251C
COG2930,YHR016C
COG2930,YFR024C-A
COG2935,YGL017W
COG2939,YBR139W
COG2939,YMR297W
COG2939,YGL203C
COG2940,YPL165C
COG2940,YHR207C
COG2940,YJL168C
COG2966,YJL107C
COG2966,YJL108C
COG3000,YGR060W
COG3000,YDR297W
COG3000,YMR272C
COG3000,YLR056W
COG3104,YKR093W
COG3175,YPL132W
COG3194,YIR032C
COG3207,YDR403W
COG3265,YDR248C
COG3276,YER025W
COG3325,YDR371W
COG3332,YGR127W
COG3386,YBR053C
COG3387,YIL099w
COG3407,YNR043
COG3407,YNR043W
COG3408,YPR184w
COG3410,YPL245W
COG3506,YJL217W
COG3542,YML079W
COG3560,YCL026C-B
COG3560,YCL026C-A
COG3569,YOL006C
COG3579,YNL239W
COG3582,YOR052C
COG3616,YGL196W
COG3642,YGR262C
COG3673,YEL023C
COG3751,YER049W
COG3774,YGL038C
COG3774,YJR075W
COG3774,YBR161W
COG3777,YHR067W
COG3890,YMR220W
COG3897,YIL110W
COG3938,YHL023C
COG3961,YDL080C
COG3961,YLR044C
COG3961,YDR380W
COG4088,YKL110C
COG4126,YIR030C
COG4178,YPL147W
COG4178,YKL188C
COG4229,YEL038W
COG4240,YGR205W
COG4266,YPR128C
COG4266,YBR192W
COG4266,YIR029W
COG4281,YGR037C
COG4282,YGR229C
COG4284,YDL103C
COG4284,YKL035W
COG4286,YER156C
COG4352,YDL082W
COG4354,YPR029c
COG4359,YNL010W
COG4360,YCL050C
COG4539,YGL010W
COG4581,YDR395w
COG4581,YLR398C
COG4581,YJR132W
COG4581,YJL050W
COG4586,YFL028C
COG4624,YNL240C
COG4702,YBR137W
COG4725,YGL192W
COG4725,YCL055W
COG4770,YBR208C
COG4775,YNL026W
COG4830,YER131W
COG4830,YGL189C
COG4850,YNL094W
COG4886,YOR353C
COG4886,YKL193C
COG4886,YOR373W
COG4886,YPL213W
COG4901,YGR027C
COG4901,YLR333C
COG4992,YNR058W
COG4992,YLR438W
COG4992,YOL140W
COG5019,YDL225W
COG5019,YGR059W
COG5019,YDR218C
COG5019,YLR314C
COG5019,YHR107C
COG5019,YJR076C
COG5019,YCR002C
COG5020,YNL029C
COG5020,YJL139C
COG5020,YIL085C
COG5020,YBR199W
COG5020,YBR205W
COG5020,YOR099W
COG5020,YDR483W
COG5021,YDR457W
COG5021,YKL010C
COG5021,YER125W
COG5021,YGL141W
COG5021,YJR036C
COG5022,YMR109W
COG5022,YAL029C
COG5022,YKL129C
COG5022,YHR023W
COG5024,YGR109c
COG5024,YAL040C
COG5024,YDL155W
COG5024,YGR108W
COG5025,YNL068C
COG5025,YCR065W
COG5025,YIL131C
COG5025,YPR104C
COG5026,YLR446W
COG5026,YFR053C
COG5026,YCL040W
COG5027,YMR127c
COG5027,YBL052C
COG5027,YOR244W
COG5028,YIL109C
COG5028,YHR098C
COG5029,YDL090C
COG5029,YGL155W
COG5029,YPR176C
COG5030,YJR058C
COG5030,YJL024C
COG5030,YLR170C
COG5032,YNL267W
COG5032,YLR240W
COG5032,YHR099W
COG5032,YJR066W
COG5032,YLR305C
COG5032,YBR136W
COG5033,YOR213c
COG5033,YNL107W
COG5033,YPL129W
COG5034,YOR064c
COG5034,YHR090C
COG5034,YNL097C
COG5035,YNR048W
COG5035,YNL323W
COG5035,YCR094W
COG5036,YJL012C
COG5036,YFL004W
COG5036,YGR233C
COG5037,YHR177W
COG5038,YOR086C
COG5038,YML072C
COG5038,YNL087W
COG5040,YDR099W
COG5043,YLL040C
COG5044,YOR370C
COG5044,YER136W
COG5045,YOR293W
COG5045,YMR230W
COG5046,YDR005C
COG5047,YPR181C
COG5049,YOR048C
COG5050,YHR123w
COG5051,YMR194W
COG5052,YPR028W
COG5053,YOL139C
COG5054,YPR037C
COG5054,YGR029W
COG5055,YDL059C
COG5055,YML032C
COG5056,YNR019W
COG5056,YCR048W
COG5058,YHL003C
COG5059,YGL216W
COG5059,YKL079W
COG5059,YPL155C
COG5059,YBL063W
COG5059,YPR141C
COG5059,YEL061C
COG5061,YML130C
COG5063,YDR151C
COG5064,YNL189W
COG5065,YBR106W
COG5066,YER120w
COG5066,YBL091C-A
COG5067,YDR052c
COG5068,YMR043W
COG5068,YBR182C
COG5068,YMR042W
COG5069,YDR129C
COG5069,YJR004C
COG5070,YGL225W
COG5070,YER039C
COG5071,YDL147W
COG5072,YGL021w
COG5072,YBL009W
COG5073,YGR066C
COG5073,YBR105C
COG5074,YMR183c
COG5075,YLR270W
COG5076,YLR357w
COG5076,YBR081C
COG5076,YKR008W
COG5076,YGR056W
COG5076,YPL216W
COG5076,YGL133W
COG5076,YGR252W
COG5076,YDL070W
COG5077,YOR124C
COG5077,YMR304W
COG5078,YGR133w
COG5078,YDL064W
COG5078,YBR082C
COG5078,YDR092W
COG5078,YOR339C
COG5078,YDR177W
COG5078,YGL058W
COG5078,YDR054C
COG5079,YDR159W
COG5080,YGL198W
COG5080,YGR172C
COG5081,YGR038W
COG5082,YDL175c
COG5082,YNL255C
COG5082,YIL079C
COG5083,YMR165C
COG5084,YPR107C
COG5085,YGL247W
COG5085,YHR036W
COG5086,YDR489W
COG5087,YLL002W
COG5090,YGR005C
COG5091,YOR057w
COG5093,YJL072C
COG5094,YMR236W
COG5095,YGL112C
COG5096,YGR261c
COG5099,YLL013c
COG5099,YGL014W
COG5099,YGL178W
COG5099,YJR091C
COG5100,YBR170C
COG5101,YDR335W
COG5101,YGR218W
COG5103,YCR093W
COG5104,YPR152C
COG5104,YKL012W
COG5105,YPR200C
COG5105,YMR036C
COG5106,YKR081C
COG5109,YDR255C
COG5110,YHR027C
COG5112,YLR074C
COG5113,YPR105C
COG5113,YDL190C
COG5116,YIL075C
COG5117,YLR002C
COG5118,YNL039w
COG5119,YKL086W
COG5122,YDR246W
COG5124,YGL183C
COG5125,YDL105W
COG5126,YPR188C
COG5126,YGL106W
COG5126,YDR373W
COG5126,YKL190W
COG5126,YBR109C
COG5126,YOR257W
COG5128,YDR472W
COG5129,YAL025c
COG5132,YCR063W
COG5133,YHR122W
COG5134,YKL095W
COG5135,YGR017W
COG5136,YLR298c
COG5137,YJL115W
COG5138,YOL146W
COG5139,YPR133C
COG5140,YGR048W
COG5141,YPR031W
COG5141,YGL131C
COG5141,YDR096W
COG5142,YPL196W
COG5143,YLR093C
COG5143,YKL196C
COG5143,YAL030W
COG5143,YLR268W
COG5145,YMR201C
COG5146,YDR531W
COG5147,YDR026C
COG5147,YBR049C
COG5147,YMR213W
COG5147,YKR099W
COG5148,YHR200w
COG5150,YDR397c
COG5151,YLR005W
COG5152,YLR323C
COG5153,YCR068W
COG5154,YOL077C
COG5154,Q08235
COG5155,YGR098C
COG5156,YGL240W
COG5157,YLR418C
COG5158,YGL095c
COG5158,YLR396C
COG5158,YDR189W
COG5158,YDR164C
COG5159,YDL097C
COG5160,YPL020c
COG5160,YIL031W
COG5161,YDR301W
COG5164,YDR429C
COG5167,YNL212W
COG5169,YHR206w
COG5169,YOR140W
COG5169,YGR249W
COG5169,YGL073W
COG5171,YDR002w
COG5171,YIL063C
COG5171,YLR335W
COG5173,YIL068C
COG5174,YKR062W
COG5175,YER068W
COG5176,YLR116W
COG5177,YDL060W
COG5178,YHR165C
COG5179,YGR274C
COG5180,YGR178C
COG5181,YMR288W
COG5182,YMR240c
COG5183,YIL030C
COG5184,YLR077W
COG5184,YGL097W
COG5184,YAL020C
COG5185,YIL144W
COG5186,YKR002W
COG5187,YPR108W
COG5188,YDL030W
COG5189,YLR403w
COG5190,YLR019w
COG5190,YPL063W
COG5190,YLL010C
COG5190,YHR004C
COG5190,YMR277W
COG5191,YDR449C
COG5192,YPL217C
COG5193,YCL037c
COG5194,YDL008w
COG5194,YOL133W
COG5195,YEL044W
COG5196,YBL040C
COG5197,YNL263C
COG5199,YOR367W
COG5200,YDL087C
COG5201,YDR328C
COG5202,YOR175C
COG5204,YGR063C
COG5206,YDR331w
COG5207,YBR058C
COG5208,YOR358W
COG5208,YBR278W
COG5209,YNL288W
COG5210,YPL249c
COG5210,YNL293W
COG5210,YGR100W
COG5210,YDL234C
COG5210,YJL044C
COG5210,YMR192W
COG5210,YMR055C
COG5211,YNL222W
COG5212,YGL248W
COG5213,YJR093C
COG5215,YLR347C
COG5216,YBL071W-A
COG5217,YER016W
COG5218,YDR325W
COG5219,YMR247C
COG5220,YDR460W
COG5221,YDR141C
COG5222,YKL059C
COG5224,YGL237C
COG5227,YDR510W
COG5228,YNR052C
COG5230,YDR013W
COG5231,YPR036W
COG5232,YPL094C
COG5233,YDR517W
COG5235,YNL312W
COG5236,YDR266C
COG5237,YCR044C
COG5238,YMR235C
COG5239,YOL042W
COG5239,YML118W
COG5239,YAL021C
COG5241,YML095C
COG5242,YPR056W
COG5243,YOL013C
COG5243,YDR143C
COG5244,YCL029c
COG5244,YPL174C
COG5245,YKR054c
COG5246,YDL043C
COG5247,YER159C
COG5248,YML098w
COG5250,YJL140W
COG5251,YML015C
COG5252,YOR091W
COG5253,YDR208W
COG5253,YFR019W
COG5254,YLR242C
COG5256,YDR172W
COG5256,YKR084C
COG5256,YBR118W
COG5256,YPR080W
COG5259,YJL176C
COG5259,YFR037C
COG5260,YOL115w
COG5260,YNL299W
COG5261,YPL242C
COG5262,YDR225W
COG5262,YOL012C
COG5262,YBL003C
COG5264,YJL012C
COG5264,YFL004W
COG5264,YER072W
COG5265,YMR301C
COG5271,YLR449W
COG5272,YOL111C
COG5272,YLL039C
COG5272,YDR139C
COG5272,YLR167W
COG5272,YEL037C
COG5272,YMR276W
COG5273,YDR126W
COG5273,YDR459C
COG5273,YOL003C
COG5273,YNL326C
COG5273,YLR246W
COG5273,YDR264C
COG5274,YNL111C
COG5274,YMR272C
COG5274,YML054C
COG5275,YOR144c
COG5275,YOR217W
COG5277,YPR034W
COG5277,YMR033W
COG5277,YJL081C
COG5277,YJR065C
COG5277,YDL029W
COG5277,YHR129C
COG5277,YFL039C
COG5279,YDL117W
COG5285,YJR154W
COG5296,YGL244W
COG5307,YPR095c
COG5307,YDR170C
COG5307,YEL022W
COG5308,YBL079w
COG5309,YMR305C
COG5309,YGR279C
COG5309,YGL028C
COG5309,YGR282C
COG5324,YJL087C
COG5325,YOR106W
COG5325,YOL018C
COG5325,YOR036W
COG5329,YNL325C
COG5329,YKL212W
COG5333,YJL006c
COG5333,YNL025C
COG5333,YPR025C
COG5347,YDR524c
COG5347,YGL181W
COG5347,YER122C
COG5347,YDL226C
COG5347,YIL044C
COG5366,YNL085W
COG5369,YIL017C
COG5371,YER005W
COG5371,YEL042W
COG5387,YJL180C
COG5391,YOR069W
COG5391,YOR132W
COG5391,YDR425W
COG5391,YJL036W
COG5391,YOR357C
COG5391,YMR004W
COG5391,YDL113C
COG5398,YLR205C
COG5406,YGL207W
COG5407,YOR254C
COG5409,YPL110C
COG5409,YIL047C
COG5409,YDR414C
COG5411,YOR109w
COG5411,YOL065C
COG5411,YNL106C
COG5411,YIL002C
COG5414,YMR227c
COG5422,YLR425W
COG5422,YGR070W
COG5432,YCR066W
COG5459,YKL155C
COG5478,YMR319C
COG5491,YKR035W-A
COG5491,YKL041W
COG5491,YKL002W
COG5498,YLR144c
COG5524,YBR054w
COG5531,YOR295w
COG5531,YMR233W
COG5531,YCR052W
COG5535,YDR314c
COG5535,YER162C
COG5536,YJL031C
COG5536,YKL019W
COG5537,YIL026C
COG5538,YBR171W
COG5539,YFL044C
COG5539,YHL013C
COG5540,YKL034W
COG5541,YPL010W
COG5543,YMR259C
COG5560,YNL186W
COG5560,YJL197W
COG5574,YDR265W
COG5575,YBR060C
COG5580,YDR214W
COG5580,YNL281W
COG5590,YLR201C
COG5593,YDR060W
COG5594,YOL084W
COG5594,YLL005C
COG5594,YMR266W
COG5594,YLR241W
COG5596,YDL217C
COG5597,YOR320C
COG5597,YJL137C
COG5599,YER075c
COG5599,YOR208W
COG5599,YDL230W
COG5600,YOL072W
COG5600,YJR084W
COG5601,YDL165W
COG5602,YOL004W
COG5603,YBR254C
COG5604,YOR206W
COG5623,YOR250C
COG5624,YDR145w
COG5638,YDR365C
COG5641,YJL110C
COG5641,YER040W
COG5641,YMR136W
COG5641,YFL021W
COG5644,YML093w
COG5647,YDL132W
COG5647,YJL047C
COG5647,YGR003W
COG5648,YDR174W
COG5648,YBR089C-A
COG5648,YDL002C
COG5648,YKL032C
COG5657,YPL125W
COG5657,YGL241W
COG5657,YGL238W
COG5665,YPR072W
COG5665,YIL038C
KOG0007,YJL203W
KOG0009,YOR182C
KOG0009,YLR287C-A
KOG0012,YER143W
KOG0021,YOL049W
KOG0032,YMR291W
KOG0032,YGL158W
KOG0032,YOR351C
KOG0032,YJL057C
KOG0032,YFR014C
KOG0036,YNL083W
KOG0037,YGR058W
KOG0039,YLL051c
KOG0039,YLR047C
KOG0039,YLR214W
KOG0045,YMR154C
KOG0073,YMR138W
KOG0076,YPL051W
KOG0077,YPL218W
KOG0078,YFL005W
KOG0082,YER020W
KOG0082,YHR005C
KOG0084,YFL038C
KOG0092,YBR264c
KOG0092,YNL093W
KOG0092,YKR014C
KOG0093,YHR022C
KOG0094,YLR262C
KOG0096,YOR185C
KOG0110,YPR112C
KOG0116,YNR051C
KOG0118,YDL209C
KOG0118,YDL224C
KOG0118,YPR163C
KOG0118,YNL016W
KOG0118,YOL041C
KOG0118,YBR212W
KOG0118,YHR086W
KOG0118,YML117W
KOG0118,YPL190C
KOG0118,YBR119W
KOG0118,YDL051W
KOG0118,YCL011C
KOG0120,YKL074C
KOG0121,YPL178W
KOG0122,YDR429C
KOG0123,YFR023w
KOG0123,YER165W
KOG0126,YIR005W
KOG0127,YPL043w
KOG0128,YMR268C
KOG0131,YOR319w
KOG0132,YNL251C
KOG0153,YBR065C
KOG0154,YNL224C
KOG0169,YPL268W
KOG0174,YJL001W
KOG0181,YML092C
KOG0185,YFR050C
KOG0198,YJL095W
KOG0198,YLR362W
KOG0198,YAR019C
KOG0201,YHR102w
KOG0201,YDR523C
KOG0210,YIL048W
KOG0211,YAL016W
KOG0212,YLR386W
KOG0251,YAP1802
KOG0251,YGR241C
KOG0252,YCR098C
KOG0252,YML123C
KOG0254,YMR088C
KOG0254,YDR536W
KOG0254,YDL194W
KOG0254,YEL065W
KOG0254,YBR298C
KOG0254,YDR497C
KOG0254,YDR342C
KOG0254,YDR343C
KOG0254,YHR096C
KOG0254,YNL318C
KOG0254,YML116W
KOG0254,YHL040C
KOG0254,YHL047C
KOG0255,YOR273C
KOG0255,YGR138C
KOG0255,YLL028W
KOG0255,YBR043C
KOG0255,YIL121W
KOG0255,YBR008C
KOG0255,YBR180W
KOG0255,YNL065W
KOG0264,YEL056W
KOG0264,YBR195C
KOG0266,YGL004C
KOG0266,YCR084C
KOG0266,YBR175W
KOG0268,YLL011W
KOG0269,YOL138C
KOG0270,YLR196W
KOG0271,YCR072C
KOG0272,YPR178w
KOG0274,YML088w
KOG0274,YIL046W
KOG0274,YFL009W
KOG0276,YGL137W
KOG0277,YDR142C
KOG0279,YMR116C
KOG0280,YBR246W
KOG0282,YDR364C
KOG0283,YMR102C
KOG0285,YPL151C
KOG0286,YOR212W
KOG0289,YLL036C
KOG0290,YPL247C
KOG0291,YCR057C
KOG0293,YCL039W
KOG0294,YKL021C
KOG0295,YOR269W
KOG0296,YIR012W
KOG0299,YPR137W
KOG0301,YKL213C
KOG0302,YMR131C
KOG0306,YLR129W
KOG0307,YDL195W
KOG0308,YOL087C
KOG0310,YMR093w
KOG0315,YNL006W
KOG0318,YMR092C
KOG0319,YLR222C
KOG0332,YOR046C
KOG0344,YGL171W
KOG0362,YJL008C
KOG0379,YGR238C
KOG0379,YER132C
KOG0389,YAL019W
KOG0392,YPL082C
KOG0394,YML001W
KOG0396,YIL097W
KOG0401,YGR162w
KOG0401,YGL049C
KOG0412,YPR105c
KOG0416,YEL012W
KOG0420,YLR306W
KOG0426,YMR022W
KOG0431,YDR320C
KOG0440,YFL034cb
KOG0440,YFL034C-B
KOG0440,YIL106W
KOG0486,YDL106C
KOG0490,YML027W
KOG0490,YDR451C
KOG0495,YBR055C
KOG0527,YPR065W
KOG0533,YDR381W
KOG0547,YNL121C
KOG0547,YHR117W
KOG0562,YOR258W
KOG0575,YMR001C
KOG0578,YHL007C
KOG0578,YNL298W
KOG0580,YPL209C
KOG0581,YPL140C
KOG0581,YDL159W
KOG0581,YJL128C
KOG0581,YOR231W
KOG0583,YPL026c
KOG0583,YDR247W
KOG0583,YDR477W
KOG0583,YJR059W
KOG0583,YPL141C
KOG0583,YHR082C
KOG0583,YOR233W
KOG0583,YDR122W
KOG0583,YLR096W
KOG0585,YER129w
KOG0585,YKL048C
KOG0586,YKL116C
KOG0588,YDR507c
KOG0588,YCL024W
KOG0588,YKL101W
KOG0590,YDL025C
KOG0590,YCR008W
KOG0590,YDL214C
KOG0590,YOR267C
KOG0590,YJL165C
KOG0590,YBR274W
KOG0591,YAR018C
KOG0592,YOL100W
KOG0592,YDR466W
KOG0592,YDR490C
KOG0594,YFL029C
KOG0594,YPL031C
KOG0594,YBR160W
KOG0595,YGL180W
KOG0596,YDL028c
KOG0598,YBR028C
KOG0598,YKL126W
KOG0598,YHR205W
KOG0600,YKL139w
KOG0600,YPR161C
KOG0601,YJL187C
KOG0605,YNL161W
KOG0605,YFL033C
KOG0605,YGR092W
KOG0610,YNR047W
KOG0610,YCR091W
KOG0615,YDL101c
KOG0615,YPL153C
KOG0616,YPL203W
KOG0616,YJL164C
KOG0621,YJR100C
KOG0642,YMR029C
KOG0647,YER107C
KOG0659,YDL108W
KOG0660,YHR030C
KOG0660,YPR054W
KOG0660,YKL161C
KOG0660,YGR040W
KOG0660,YLR113W
KOG0660,YBL016W
KOG0661,YJL106W
KOG0666,YPL042C
KOG0667,YLL019c
KOG0667,YJL141C
KOG0668,YIL035C
KOG0668,YOR061W
KOG0675,YAL058W
KOG0680,YLR085C
KOG0681,YNL059C
KOG0694,YBL105C
KOG0717,YNL227C
KOG0724,YGR285C
KOG0724,YFR041C
KOG0739,YPR173C
KOG0749,YBL030C
KOG0749,YMR056C
KOG0750,YDL198C
KOG0751,YPR021C
KOG0751,YNL083W
KOG0752,YPR011C
KOG0752,YGR096W
KOG0752,YHR002W
KOG0754,YOR222w
KOG0755,YKL120W
KOG0756,YFR045W
KOG0756,YMR241W
KOG0756,YJR095W
KOG0756,YBR291C
KOG0758,YOR130C
KOG0758,YBR104W
KOG0758,YOR100C
KOG0759,YLR348C
KOG0760,YKR052C
KOG0760,YJL133W
KOG0761,YGR257C
KOG0764,YIL006W
KOG0764,YEL006W
KOG0764,YIL134W
KOG0767,YER053C
KOG0767,YJR077C
KOG0768,YNL003C
KOG0770,YMR166C
KOG0771,YNR026C
KOG0771,YCR067C
KOG0773,YGL096W
KOG0773,YCR039C
KOG0773,YCL067C
KOG0788,YOL052C
KOG0798,YCL016c
KOG0800,YPR093C
KOG0804,YHL010C
KOG0812,YLR026C
KOG0822,YBR133c
KOG0826,YMR026c
KOG0831,YOR245C
KOG0837,YEL009C
KOG0845,YMR047C
KOG0845,YGL172W
KOG0845,YDR192C
KOG0845,YGL092W
KOG0845,YKL068W
KOG0866,YLR335W
KOG0870,YDR121W
KOG0892,YBL088C
KOG0894,YER100W
KOG0896,YGL087C
KOG0909,YPL096W
KOG0915,YHL030W
KOG0916,YMR306W
KOG0916,YGR032W
KOG0937,YPL259C
KOG0937,YHL019C
KOG0938,YOL062C
KOG0938,YHL019C
KOG0946,YDL058W
KOG0953,YPL029W
KOG0963,YKL179c
KOG0974,YPL183C
KOG0978,YDL074C
KOG0980,YNL243W
KOG0997,YGL124C
KOG0998,YBL047C
KOG0998,YJL083W
KOG0998,YIR006C
KOG0998,YNL084C
KOG1003,YIL138C
KOG1005,YLR318W
KOG1008,YBL104C
KOG1009,YML102W
KOG1020,YDR180
KOG1020,YDR180W
KOG1029,YIR006C
KOG1032,YHR080C
KOG1032,YDR326C
KOG1036,YOR026W
KOG1039,YPL054W
KOG1043,YOL027c
KOG1043,YPR125W
KOG1057,YLR410W
KOG1063,YGR200c
KOG1064,YJR033c
KOG1073,YPR129w
KOG1076,YMR309C
KOG1087,YHR108W
KOG1087,YDR358W
KOG1088,YNR046W
KOG1089,YJR110W
KOG1092,YOR070c
KOG1101,YJR089W
KOG1104,YMR125W
KOG1107,YJL154C
KOG1110,YPL170W
KOG1125,YDR244W
KOG1127,YPR189W
KOG1128,YNL313C
KOG1140,YLR024C
KOG1140,YGR184C
KOG1156,YDL040C
KOG1164,YER123w
KOG1164,YHR135C
KOG1164,YPL204W
KOG1166,YJL013c
KOG1166,YGR188C
KOG1167,YDL017w
KOG1172,YNL275W
KOG1173,YKL022C
KOG1179,YBR041w
KOG1181,YLR330w
KOG1183,YGR216c
KOG1188,YNL035C
KOG1192,YLR189C
KOG1210,YBR265W
KOG1213,YDL003w
KOG1216,YOR214C
KOG1216,YPL130W
KOG1230,YPL263C
KOG1240,YBR097W
KOG1242,YPL226W
KOG1242,YLR249W
KOG1242,YGL195W
KOG1243,YOR112W
KOG1248,YPL012W
KOG1258,YDR235W
KOG1258,YML046W
KOG1271,YIL064W
KOG1272,YER082C
KOG1273,YAR003W
KOG1274,YPR135w
KOG1278,YER113C
KOG1290,YMR216C
KOG1295,YGR072W
KOG1296,YCR090C
KOG1318,YJR060w
KOG1318,YBL103C
KOG1325,YOL011w
KOG1325,YNL012W
KOG1325,YMR006C
KOG1325,YMR008C
KOG1332,YLR208W
KOG1337,YPL208W
KOG1337,YDR198C
KOG1338,YDR257C
KOG1339,YDR349c
KOG1339,YPL154C
KOG1339,YDR144C
KOG1339,YIL015W
KOG1362,YOR161C
KOG1363,YDL091c
KOG1363,YML013W
KOG1364,YDR330w
KOG1382,YHR215W
KOG1396,YOR154W
KOG1414,YNL167c
KOG1414,YER045C
KOG1415,YJR099W
KOG1416,YNL062C
KOG1418,YJL093C
KOG1435,YNL280C
KOG1435,YGL012W
KOG1441,YJL193W
KOG1441,YOR307C
KOG1446,YKL018W
KOG1450,YER155C
KOG1450,YBR260C
KOG1453,YDR379W
KOG1470,YLR380W
KOG1470,YNL264C
KOG1470,YNL231C
KOG1471,YJL145W
KOG1471,YMR079W
KOG1477,YMR171C
KOG1477,YGL227W
KOG1477,YKL124W
KOG1478,YLR100W
KOG1479,YAL022C
KOG1507,YKR048C
KOG1508,YNL246W
KOG1510,YDR308C
KOG1517,YHR186C
KOG1525,YMR076C
KOG1532,YJR072C
KOG1534,YLR243W
KOG1539,YLR409C
KOG1546,YOR197W
KOG1548,YNL286W
KOG1558,YLR130c
KOG1566,YKL189W
KOG1583,YEL004W
KOG1586,YBL050w
KOG1603,YNL259C
KOG1616,YER027C
KOG1616,YDR422C
KOG1616,YHR146W
KOG1620,YDR017C
KOG1620,YDR173C
KOG1627,YKL081W
KOG1627,YPL048W
KOG1632,YPL138C
KOG1633,YER051W
KOG1634,YKL005C
KOG1639,YDL015C
KOG1640,YIL049W
KOG1642,YPL123C
KOG1649,YLR321C
KOG1649,YBR289W
KOG1654,YBL078C
KOG1655,YDR486C
KOG1656,YLR025W
KOG1666,YMR197C
KOG1674,YDL179w
KOG1674,YOL001W
KOG1674,YER059W
KOG1674,YHR071W
KOG1674,YGL134W
KOG1674,YNL289W
KOG1685,YHR052W
KOG1685,YKR060W
KOG1690,YAR002C-A
KOG1690,YHR110W
KOG1691,YML012W
KOG1692,YGL200C
KOG1693,YOR016C
KOG1693,YDL018C
KOG1703,YDL240W
KOG1703,YKR090W
KOG1704,YDR379W
KOG1705,YPR094w
KOG1721,YDL048C
KOG1721,YJL056C
KOG1721,YDR146C
KOG1721,YML081W
KOG1721,YJR127C
KOG1721,YGR044C
KOG1721,YPL230W
KOG1721,YHL027W
KOG1721,YMR182C
KOG1721,YPR186C
KOG1721,YBR066C
KOG1721,YKL062W
KOG1721,YMR070W
KOG1721,YER028C
KOG1721,YGL035C
KOG1721,YDR253C
KOG1721,YDR096W
KOG1721,YGL254W
KOG1721,YNL027W
KOG1721,YOR113W
KOG1721,YDR216W
KOG1727,YKL056C
KOG1729,YDR313C
KOG1729,YGL023C
KOG1733,YGR181W
KOG1735,YLL050C
KOG1736,YDR063W
KOG1737,YDL019C
KOG1737,YHR073W
KOG1744,YDR224C
KOG1744,YBL002W
KOG1747,YGR080w
KOG1755,YOR122C
KOG1761,YDL092W
KOG1771,YGL142C
KOG1773,YDL123W
KOG1773,YJL151C
KOG1773,YDR525W-A
KOG1773,YDR276C
KOG1780,YFL017W-A
KOG1781,YNL147W
KOG1782,YJL124C
KOG1784,YJR022w
KOG1786,YCR032W
KOG1791,YKL014C
KOG1792,YDR233C
KOG1792,YDL204W
KOG1814,YML068W
KOG1815,YKR017C
KOG1820,YLR045c
KOG1822,YJL207C
KOG1823,YBL004W
KOG1825,YIL129C
KOG1826,YOL081w
KOG1826,YBR140C
KOG1835,YJL039C
KOG1836,YDR356W
KOG1836,YGL086W
KOG1836,YDL239C
KOG1837,YJL109C
KOG1839,YMR012W
KOG1842,YDR323c
KOG1844,YPL181W
KOG1844,YJL105W
KOG1848,YNL297C
KOG1851,YFL007W
KOG1858,YNL172W
KOG1861,YPR045C
KOG1862,YPL105C
KOG1862,YBR172C
KOG1864,YER098W
KOG1864,YBL067C
KOG1867,YMR223W
KOG1867,YDL122W
KOG1868,YIL156W
KOG1868,YDR069C
KOG1869,YDR482C
KOG1871,YER151C
KOG1872,YFR010W
KOG1874,YNL139C
KOG1875,YLR071C
KOG1877,YMR212C
KOG1878,YCR033W
KOG1879,YOR336W
KOG1882,YLR016C
KOG1894,YDR527W
KOG1895,YAL043C
KOG1898,YML049C
KOG1901,YDR374c
KOG1910,YLR454W
KOG1913,YPL085W
KOG1915,YLR117C
KOG1922,YNL271c
KOG1922,YIL159W
KOG1926,YEL055C
KOG1929,YJL090c
KOG1931,YMR218C
KOG1932,YCR042c
KOG1933,YPL006W
KOG1938,YDR108W
KOG1940,YKL084W
KOG1944,YOR292C
KOG1944,YLR251W
KOG1947,YJR090c
KOG1947,YJR052W
KOG1947,YBR158W
KOG1952,YNL023c
KOG1953,YDR407C
KOG1961,YDR484w
KOG1962,YDL072C
KOG1962,YKL065C
KOG1963,YPL126W
KOG1964,YDL116W
KOG1967,YIL128w
KOG1969,YMR078C
KOG1974,YNL273W
KOG1975,YBR236C
KOG1981,YDR006C
KOG1982,YGL246C
KOG1983,YPR032W
KOG1983,YBL106C
KOG1989,YNL020c
KOG1989,YIL095W
KOG1989,YBR059C
KOG1994,YLR271W
KOG1997,YLR422W
KOG2000,YNL126W
KOG2001,YHR172W
KOG2006,YLR039C
KOG2021,YKL205W
KOG2022,YGL016w
KOG2023,YBR017C
KOG2026,YFR005c
KOG2027,YNL265C
KOG2031,YBR223C
KOG2034,YLR148W
KOG2043,YHR154W
KOG2047,YDR416W
KOG2048,YDR324C
KOG2050,YDR496C
KOG2051,YHR077C
KOG2053,YOL076W
KOG2054,YGR090W
KOG2055,YJL069C
KOG2056,YDR153C
KOG2056,YLL038C
KOG2056,YJR125C
KOG2056,YDL161W
KOG2061,YOL022C
KOG2063,YDL077c
KOG2063,YDR495C
KOG2066,YDR080W
KOG2069,YML071C
KOG2071,YDR228C
KOG2072,YBR079C
KOG2073,YFR040w
KOG2073,YJL098W
KOG2074,YDR311W
KOG2076,YGR047C
KOG2079,YAL002W
KOG2081,YOR160W
KOG2085,YOR014W
KOG2086,YBL058w
KOG2101,YML104C
KOG2103,YCL045C
KOG2104,YER009W
KOG2110,YPL100W
KOG2110,YFR021W
KOG2111,YGR223C
KOG2114,YMR231w
KOG2115,YDR027C
KOG2137,YGL083W
KOG2140,YGR278W
KOG2141,YLR336C
KOG2147,YDL148C
KOG2149,YHR085W
KOG2154,YPR144c
KOG2157,YBR094W
KOG2161,YMR196W
KOG2161,YGL027C
KOG2162,YDR206w
KOG2164,YLR427W
KOG2164,YER116C
KOG2165,YLR127C
KOG2168,YFR002w
KOG2169,YDR409W
KOG2171,YER110C
KOG2171,YMR308C
KOG2174,YJR044C
KOG2175,YNL201C
KOG2177,YOL054w
KOG2180,YJL029C
KOG2184,YLR424w
KOG2186,YCR087C-A
KOG2188,YJL010C
KOG2190,YBR233w
KOG2190,YBL032W
KOG2196,YJL041W
KOG2199,YHL002W
KOG2208,YLL032c
KOG2208,YJL080C
KOG2210,YHR001W
KOG2210,YOR237W
KOG2215,YBR102C
KOG2217,YOR308C
KOG2218,YGL145W
KOG2220,YOR275C
KOG2220,YPL084W
KOG2226,YLR436c
KOG2228,YPR162C
KOG2229,YGR245C
KOG2236,YNL124w
KOG2238,YPR091C
KOG2253,YGR013W
KOG2257,YDR437W
KOG2260,YDR168W
KOG2261,YFL024C
KOG2262,YPR194C
KOG2271,YJR042W
KOG2280,YPL045W
KOG2301,YGR217W
KOG2308,YOR022C
KOG2321,YGR145W
KOG2326,YMR106C
KOG2327,YMR284W
KOG2329,YPL087W
KOG2329,YBR183W
KOG2340,YIL091C
KOG2341,YMR005W
KOG2343,YEL053C
KOG2344,YJL085W
KOG2345,YPL236C
KOG2347,YDR166C
KOG2354,YKR025W
KOG2357,YNR021W
KOG2361,YOR240w
KOG2361,YOR239W
KOG2369,YNR008W
KOG2381,YJL100W
KOG2385,YFL034W
KOG2389,YML114C
KOG2391,YCL008C
KOG2393,YGR186W
KOG2397,YDR221W
KOG2398,YMR032w
KOG2401,YPL199C
KOG2401,YKL090W
KOG2407,YHR188C
KOG2409,YNL308C
KOG2412,YDL207w
KOG2417,YHR078W
KOG2422,YDR333C
KOG2425,YKR063c
KOG2427,YPL191c
KOG2428,YOR123c
KOG2429,YHR204W
KOG2431,YJR131W
KOG2434,YKL125w
KOG2441,YAL032C
KOG2443,YKL100c
KOG2444,YPR169W
KOG2445,YGL100W
KOG2447,YMR149W
KOG2459,YDR434W
KOG2460,YPL243W
KOG2473,YBR123c
KOG2475,YLR103C
KOG2476,YGR093W
KOG2478,YBR279W
KOG2488,YMR069W
KOG2490,YER140W
KOG2497,YJR129C
KOG2504,YOR306C
KOG2504,YOL119C
KOG2504,YNL125C
KOG2504,YKL221W
KOG2505,YDR049W
KOG2513,YBR086c
KOG2515,YNL219C
KOG2516,YNR030w
KOG2530,YMR211W
KOG2536,YIL070c
KOG2538,YLL004W
KOG2543,YNL261W
KOG2551,YOR280c
KOG2551,YMR222C
KOG2551,YHR049W
KOG2552,YLR459W
KOG2560,YDR088C
KOG2568,YKL039W
KOG2575,YOR002W
KOG2576,YOR067C
KOG2581,YER021W
KOG2587,YPR190C
KOG2588,YOR344c
KOG2588,YOR032C
KOG2592,YDR105C
KOG2595,YFL027c
KOG2603,YML019w
KOG2603,YOR085W
KOG2604,YER157w
KOG2609,YGR129W
KOG2615,YCR023C
KOG2626,YLR015W
KOG2629,YGL153W
KOG2632,YPL246C
KOG2634,YMR283C
KOG2635,YFR051C
KOG2637,YKL143W
KOG2641,YKR051W
KOG2642,YGR227W
KOG2652,YOR194C
KOG2654,YGL174W
KOG2656,YGR002C
KOG2659,YMR135C
KOG2662,YPL060W
KOG2662,YOR334W
KOG2669,YDR289C
KOG2675,YNL138W
KOG2676,YCR054C
KOG2678,YGL098W
KOG2689,YBR273c
KOG2690,YDR068w
KOG2696,YPL001W
KOG2699,YMR067c
KOG2710,YDL240W
KOG2710,YDR389W
KOG2712,YMR039c
KOG2729,YGL054C
KOG2729,YBR210W
KOG2730,YPL157W
KOG2740,YBR288C
KOG2744,YPL016w
KOG2751,YPL120W
KOG2760,YLR417w
KOG2769,YDR473C
KOG2773,YDR299W
KOG2777,YGL243W
KOG2785,YLR387C
KOG2785,YBR267W
KOG2789,YMR140W
KOG2793,YBR271W
KOG2798,YMR209C
KOG2808,YGR006W
KOG2809,YMR269W
KOG2809,YGR280C
KOG2811,YOL125w
KOG2816,YJL163C
KOG2821,YNL230c
KOG2823,YPL146C
KOG2830,YMR028W
KOG2837,YOR077w
KOG2845,YKR023W
KOG2846,YHR192W
KOG2847,YPR140w
KOG2858,YHR040W
KOG2863,YKL149C
KOG2864,YBL020W
KOG2868,YOL149w
KOG2873,YPL215W
KOG2879,YJL210w
KOG2885,YKL082C
KOG2890,YOL107W
KOG2895,YGR149W
KOG2897,YDR485C
KOG2908,YDR427w
KOG2910,YMR077C
KOG2911,YJL049W
KOG2913,YOL092W
KOG2913,YDR090C
KOG2918,YOL141w
KOG2918,YDR435C
KOG2950,YHR156C
KOG2953,YDL189W
KOG2963,YDR312W
KOG2967,YOL093W
KOG2973,YGR187C
KOG2974,YPR143w
KOG2979,YEL019C
KOG2981,YNR007C
KOG2983,YLR215C
KOG2986,YGR046W
KOG2992,YKR092C
KOG2993,YNL242W
KOG2997,YLR097C
KOG3001,YPR023C
KOG3004,YMR048W
KOG3005,YBR228W
KOG3012,YKR030W
KOG3014,YFR027W
KOG3024,YOR164C
KOG3028,YMR060c
KOG3037,YLR421C
KOG3038,YCL010C
KOG3045,YDR083W
KOG3046,YPR168W
KOG3056,YIL150C
KOG3059,YPL076W
KOG3060,YJR088C
KOG3061,YBR173C
KOG3063,YJL053W
KOG3065,YGR009C
KOG3068,YJR050W
KOG3071,YLR372W
KOG3071,YCR034W
KOG3080,YKL172W
KOG3089,YLR003CCMS1
KOG3091,YGR119c
KOG3100,YLR051C
KOG3105,YDR081C
KOG3112,YKL206C
KOG3114,YGL161C
KOG3117,YER127W
KOG3118,YDL153c
KOG3122,YDL150W
KOG3126,YIL114c
KOG3131,YLR412W
KOG3133,YDL065c
KOG3142,YNL044W
KOG3144,YDR302W
KOG3145,YCR075c
KOG3151,YFR052W
KOG3152,YNR054C
KOG3156,YFL046W
KOG3158,YKL117w
KOG3162,YER050c
KOG3170,YOR281C
KOG3174,YIL034C
KOG3178,YBR261C
KOG3183,YNL155W
KOG3190,YOR287C
KOG3194,YOR368W
KOG3202,YDR468c
KOG3202,YGL212W
KOG3205,YDL135c
KOG3206,YNL148C
KOG3207,YER007W
KOG3223,YGR169C-A
KOG3224,YPR040W
KOG3228,YDR163W
KOG3247,YIL104C
KOG3251,YLR078C
KOG3269,YLR065c
KOG3272,YMR132C
KOG3277,YNL310C
KOG3281,YNL315C
KOG3285,YJL030W
KOG3293,YER112w
KOG3296,YMR203W
KOG3316,YOR115C
KOG3318,YGL231C
KOG3320,YNL096C
KOG3320,YOR096W
KOG3322,YNL221c
KOG3329,YJR074w
KOG3330,YKR068C
KOG3331,YLR439W
KOG3336,YLR168C
KOG3337,YLR193c
KOG3341,YPL002C
KOG3350,YGR001C
KOG3352,YGL187c
KOG3362,YML041C
KOG3364,YIL065C
KOG3368,YML077w
KOG3372,YLR066W
KOG3378,YNL234w
KOG3378,YGR234W
KOG3385,YIL004C
KOG3386,YLR411W
KOG3386,YHR175W
KOG3393,YOL129W
KOG3394,YDR057W
KOG3399,YBL049W
KOG3400,YOR224C
KOG3414,YPR082C
KOG3417,YCR038C
KOG3417,YLL016W
KOG3417,YAL024C
KOG3430,YDR424C
KOG3434,YLR061W
KOG3434,YFL034C-A
KOG3435,YBR268W
KOG3442,YJL104W
KOG3445,YPR100W
KOG3451,YDR079C-A
KOG3455,YER044C
KOG3460,YLR438C-A
KOG3469,YGL191W
KOG3470,YOR265W
KOG3473,YPL046c
KOG3477,YLL018C-A
KOG3479,YEL020W-A
KOG3480,YBR091C
KOG3480,YHR005C-A
KOG3481,YKL053C-A
KOG3482,YPR182W
KOG3485,YNL138W-A
KOG3486,YJL136C
KOG3486,YKR057W
KOG3489,YJR135W-A
KOG3493,YNR032C-A
KOG3494,YGR183C
KOG3495,YPL271W
KOG3496,YLL009C
KOG3499,YLR325C
KOG3504,YFR032C-A
KOG3508,YKL092C
KOG3519,YAL041W
KOG3548,YDR217C
KOG3565,YHR114W
KOG3566,YLR088w
KOG3572,YJR138W
KOG3582,YOL108C
KOG3589,YLR452C
KOG3589,YOR107W
KOG3596,YLR087C
KOG3601,YPR154W
KOG3601,YGR136W
KOG3630,YIL115C
KOG3655,YCR088W
KOG3662,YDR182W
KOG3671,YOR181w
KOG3675,YOL057W
KOG3680,YNL127W
KOG3683,YPL024W
KOG3689,YOR360C
KOG3691,YPR055w
KOG3694,YER093C
KOG3702,YGL122C
KOG3712,YLR176C
KOG3715,YGR057C
KOG3717,YML042W
KOG3719,YAR035W
KOG3719,YER024W
KOG3724,YFL025C
KOG3739,YOL078W
KOG3741,YKL025C
KOG3745,YLR166c
KOG3745,YJL204C
KOG3750,YDR319C
KOG3750,YGL126W
KOG3754,YJL101C
KOG3758,YNL041C
KOG3763,YPL169C
KOG3767,YOR271C
KOG3771,YDR388W
KOG3771,YCR009C
KOG3780,YOR018w
KOG3780,YFR022W
KOG3780,YBL101C
KOG3783,YKR018C
KOG3783,YJL082W
KOG3789,YEL062W
KOG3790,YPL030W
KOG3791,YOR359W
KOG3801,YER048W-A
KOG3818,YPR175W
KOG3823,YLR114c
KOG3836,YIR033W
KOG3841,YBR083w
KOG3856,YJR082C
KOG3869,YNL245C
KOG3870,YMR027W
KOG3871,YBR247C
KOG3873,YER019W
KOG3875,YLR191W
KOG3880,YJL059W
KOG3881,YGL111W
KOG3886,YML121W
KOG3887,YGR163W
KOG3893,YJR013W
KOG3894,YOR075W
KOG3902,YDR392W
KOG3907,YOR079c
KOG3911,YDR087C
KOG3924,YDR440W
KOG3928,YGL129C
KOG3933,YDR175C
KOG3937,YBL074C
KOG3946,YFR018C
KOG3949,YPL101W
KOG3975,YPR147C
KOG3976,YPL078C
KOG3979,YCR017C
KOG3983,YDR372C
KOG3986,YER054c
KOG3986,YLR273C
KOG3989,YHR140W
KOG4002,YLL023C
KOG4008,YCL031C
KOG4012,YPL127C
KOG4018,YDR152W
KOG4019,YKL159c
KOG4032,YLR435W
KOG4034,YCR071C
KOG4035,YDL146W
KOG4046,YBR257W
KOG4051,YNL136W
KOG4056,YGR082W
KOG4066,YML036W
KOG4067,YOL032W
KOG4068,YJR102C
KOG4075,YGL226W
KOG4075,YNL052W
KOG4077,YHR051W
KOG4089,YDR405W
KOG4090,YMR002W
KOG4093,YPL225W
KOG4096,YPL098c
KOG4097,YDR178W
KOG4098,YEL003w
KOG4100,YDR511W
KOG4102,YFR003C
KOG4103,YPR020W
KOG4109,similarity
KOG4109,YDR469W
KOG4111,YNL131W
KOG4112,YJR010C-A
KOG4113,YPR017c
KOG4114,YJR034W
KOG4116,YJL166W
KOG4121,YKR082W
KOG4123,YOR149C
KOG4130,YMR274C
KOG4134,YOR340C
KOG4136,YHR181W
KOG4138,YLR218C
KOG4140,YGL066w
KOG4143,YMR202W
KOG4147,YKR074W
KOG4149,YKL195W
KOG4151,YOR035C
KOG4155,YDR030c
KOG4155,YNL253W
KOG4155,YGL213C
KOG4155,YJL112W
KOG4157,YHL028W
KOG4157,YNL283C
KOG4157,YOR008C
KOG4168,YJL011C
KOG4174,YIL096C
KOG4183,YNL248C
KOG4186,YOL147c
KOG4191,YDR176W
KOG4197,YLR067C
KOG4198,YDL167c
KOG4205,YOL123W
KOG4206,YIR009W
KOG4208,YNL110C
KOG4209,YIR001c
KOG4210,YNL175C
KOG4210,YGR159C
KOG4224,YEL013W
KOG4224,P39968
KOG4267,YJR085C
KOG4269,YPL115C
KOG4297,YGR014W
KOG4297,YDR144C
KOG4299,YMR075W
KOG4302,YOR058c
KOG4315,YOR148C
KOG4322,YOR249C
KOG4324,YNL272c
KOG4328,YDL156W
KOG4339,YNL233W
KOG4346,YGR099w
KOG4356,YHR034C
KOG4363,YPR018w
KOG4363,YHR133C
KOG4366,YBR096W
KOG4372,YOR059c
KOG4372,YGL144C
KOG4401,YHR121W
KOG4406,YJL201W
KOG4431,YML030W
KOG4438,YOL069W
KOG4444,YDR329C
KOG4449,YNL070W
KOG4455,YLL014W
KOG4462,YLR337c
KOG4463,YOL073C
KOG4466,YIL084c
KOG4469,YDR137W
KOG4484,YGR272C
KOG4487,YHR191C
KOG4488,YDL085C-A
KOG4504,YPR079W
KOG4521,YKL057C
KOG4522,YCR081W
KOG4524,YKL033W
KOG4525,YIL108W
KOG4526,YGR147c
KOG4527,YLR395C
KOG4532,YLR149C
KOG4533,YOR238W
KOG4539,YDL183C
KOG4547,YDR398w
KOG4548,YNL252C
KOG4549,YER134C
KOG4561,YPR114W
KOG4562,YDR288W
KOG4563,YLL022C
KOG4569,YJR107W
KOG4573,YPR185W
KOG4582,YOL082W
KOG4592,YCR077C
KOG4593,YGL086W
KOG4594,YER109C
KOG4595,YNL260C
KOG4599,YER038c
KOG4612,YDR115W
KOG4614,YLR393W
KOG4618,YHR116W
KOG4620,YDR379C-A
KOG4640,YDR118W
KOG4645,YNR031C
KOG4645,YCR073C
KOG4652,YIL072W
KOG4653,YMR185W
KOG4657,YER018C
KOG4673,YJR134C
KOG4674,YKR095W
KOG4674,YIL149C
KOG4680,YDL046W
KOG4689,YOR166C
KOG4690,YPL107W
KOG4697,YJL004C
KOG4701,YLR286c
KOG4704,YKL047W
KOG4709,YDR412W
KOG4711,YDL231C
KOG4718,YLR007W
KOG4719,YLR335W
KOG4719,YOR098C
KOG4719,YJL041W
KOG4727,YDL098C
KOG4739,YLR394w
KOG4747,YDL235C
KOG4748,YDR245W
KOG4748,YJL183W
KOG4754,YKL128c
KOG4756,YBR282W
KOG4763,YFR033C
KOG4764,YDR363WA
KOG4764,YDR363W-A
KOG4771,YER002W
KOG4772,YPL083C
KOG4773,YBR200W
KOG4774,YJR067C
KOG4775,YLL003W
KOG4778,YDR462W
KOG4779,YER074W-A
KOG4780,YER139c
KOG4781,YER182W
KOG4784,YJR141W
KOG4812,YBR290w
KOG4814,YIL073C
KOG4818,YGL071W
KOG4829,YCR016W
KOG4835,YHR081W
KOG4836,YGR033C
KOG4842,YHR134W
KOG4843,YDL076C
KOG4844,YGR215W
KOG4851,YLR068W
KOG4852,YDL115c
KOG4853,YKL138C-A
KOG4853,YPL096C-A
KOG4853,YLR154W-C
NOG00006,YOR051C
NOG00009,YGR266W
NOG00129,YGR196C
NOG00146,YJL054W
NOG00260,YDR072c
NOG00260,YKL004W
NOG00280,YGR111W
NOG00429,YPL260W
NOG00454,YLR451W
NOG00460,YMR244W
NOG00460,YIL123W
NOG00526,YLR095C
NOG00684,YGR086C
NOG00684,YPL004C
NOG00684,Q12230
NOG00791,YOL144W
NOG00819,YMR129W
NOG00899,YOL116W
NOG00899,YMR172W
NOG01024,YCR030C
NOG01048,YML099C
NOG01239,YPL133C
NOG01302,YDR499W
NOG01315,YDR103W
NOG01361,YOR147W
NOG01361,YHR194W
NOG01402,YIL055c
NOG01499,YNL051W
NOG01521,YMR066w
NOG01612,YOL009C
NOG01652,YLR033W
NOG01666,YDR421w
NOG01787,YFL047W
NOG01805,YKL057C
NOG01822,YJR140C
NOG01838,YER147C
NOG01862,YDR346C
NOG01913,YLR084C
NOG01949,YJL156C
NOG01950,YMR163C
NOG01960,YBR163W
NOG01963,YDR195W
NOG01985,YFL048c
NOG01994,YLR014C
NOG02039,YPL180w
NOG02049,YLR063W
NOG02116,YBL066C
NOG02168,YCL044C
NOG02266,YCL034W
NOG02308,YNL165W
NOG02350,YDR104C
NOG02353,YBL014c
NOG02402,YMR134W
NOG02495,YJR061W
NOG02495,YKL201C
NOG02502,YJL116c
NOG02522,YKR027W
NOG02522,YJL099W
NOG02559,YLR250W
NOG02564,YMR270C
NOG02567,YER161c
NOG02580,YDR186C
NOG02581,YGR157W
NOG02588,YDR131c
NOG02647,YOR301W
NOG02667,YAL031C
NOG02674,YGR026W
NOG02740,YOR198C
NOG02753,YDR213w
NOG02804,YML115c
NOG02832,YBR225W
NOG02833,YNL279W
NOG02853,YLR256w
NOG02862,YPL050C
NOG02866,YPL269w
NOG02912,YDR150W
NOG02960,YOR080w
NOG03018,YIL090W
NOG03030,YKR096W
NOG03030,YIL151C
NOG03088,YHR142W
NOG03090,YKL038W
NOG03270,YMR215W
NOG03281,YDR363w
NOG03299,YMR302C
NOG03389,YOL148c
NOG03466,YHR118C
NOG03487,YLR150W
NOG03598,YLR055c
NOG03606,YCL052C
NOG03608,YLR381W
NOG03624,YLR319C
NOG03640,YER022W
NOG03665,YGR237c
NOG03667,YNL103W
NOG03671,YML111w
NOG03677,YDR161w
NOG03758,YER008C
NOG03808,YGR166W
NOG04005,YDR028C
NOG04005,YDR028C
NOG04013,YPL072W
NOG04083,YOR299W
NOG04083,YMR237W
NOG04097,YDR296W
NOG04112,YER033C
NOG04124,YOR073W
NOG04126,YPL248C
NOG04185,YCL061c
NOG04214,YGR089W
NOG04235,YGL197W
NOG04235,YER132C
NOG04257,YBR131W
NOG04278,YPL066W
NOG04298,YBL085w
NOG04391,YKL112W
NOG04402,YJL117W
NOG04502,YKL046C
NOG04556,YER077C
NOG04581,YHR196W
NOG04601,YJL019w
NOG04673,YOL053W
NOG04744,YGL228W
NOG04751,YDR367W
NOG04762,YPL194W
NOG04780,YOR084W
NOG04785,YGL219C
NOG04827,YNR018W
NOG04863,YBL034c
NOG04936,YGR134W
NOG04982,YMR053c
NOG04982,YKL072W
NOG05027,YPR179c
NOG05033,YKL015W
NOG05039,YDR229W
NOG05064,YGR177C
NOG05196,YHL034C
NOG05204,YJR041C
NOG05205,YJL181W
NOG05205,YJR030C
NOG05220,YOR088W
NOG05220,YOR087W
NOG05225,YNL291C
NOG05331,YDR051C
NOG05361,YAL009w
NOG05374,YJL016W
NOG05395,YDL013W
NOG05533,YDL054C
NOG05537,YAL018C
NOG05576,YNL335W
NOG05584,YNL311C
NOG05586,YIL136w
NOG05595,YDR310C
NOG05623,YGL045W
NOG05627,YDR514C
NOG05627,YCL036W
NOG05711,YER124C
NOG05726,YPR155C
NOG05751,YMR044w
NOG05830,YHR084W
NOG05854,YNL080C
NOG05857,YPL075w
NOG05935,YLR301W
NOG05983,YJR124C
NOG06005,YMR115W
NOG06015,YDR369c
NOG06036,YBR168W
NOG06085,YLR368W
NOG06135,YMR179w
NOG06154,YBR095C
NOG06158,YOR337w
NOG06182,YNL199C
NOG06183,YJL123C
NOG06190,YDL107W
NOG06192,YPR085C
NOG06200,YDL220C
NOG06212,YNL054W
NOG06242,YML023C
NOG06250,YDR295C
NOG06285,YJR136C
NOG06322,YDR138W
NOG06328,YNL257C
NOG06328,YHR155W
NOG06336,YDL035C
NOG06394,YJR015W
NOG06394,YGR197C
NOG06405,YHR131C
NOG06552,YBR040W
NOG06563,YIR018W
NOG06596,YIL067C
NOG06605,YDL233W
NOG06627,YFR029W
NOG06649,YHL024W
NOG07081,YBR238C
NOG07081,YGL107C
NOG07118,YDR356W
NOG07140,YHR017W
NOG07182,YML029W
NOG07188,YBR280C
NOG07223,YHR150W
NOG07256,YGR150C
NOG07265,YDR350C
NOG07320,YOR066w
NOG07350,YBR078W
NOG07350,YCL048W
NOG07512,YOR195W
NOG07540,YOR118W
NOG07581,YGL013C
NOG07581,YBL005W
NOG07647,YGR198W
NOG07662,YJL089W
NOG07717,YMR119W
NOG07730,YBR007C
NOG07773,YOR371C
NOG07773,YAL056W
NOG07813,YDL237W
NOG07820,YMR087W
NOG07833,YML006C
NOG07841,YPL005W
NOG07911,YMR065W
NOG07920,YPR124w
NOG07951,YFL013C
NOG07956,YKL077W
NOG07958,YEL036C
NOG07967,YIL056W
NOG07990,YKR044W
NOG08027,YJR054w
NOG08027,YML047C
NOG08036,YHR151C
NOG08050,YMR257C
NOG08055,YML034W
NOG08106,YMR168C
NOG08138,YCL027W
NOG08347,YIL019W
NOG08368,YNL187W
NOG08371,YAL001C
NOG08401,YLR413W
NOG08472,YDR254W
NOG08473,YFL023W
NOG08484,YIL154C
NOG08487,YFR013W
NOG08546,YML127W
NOG08648,YLR263W
NOG08693,YOL048C
NOG08704,YOL051W
NOG08714,YHL029C
NOG08788,YPR049C
NOG08798,YPR084W
NOG08834,YJL186W
NOG08894,YAL051W
NOG08908,YMR016c
NOG08908,YKL043W
NOG08909,YJR043C
NOG09005,YBR138C
NOG09010,YJL076W
NOG09039,YDR034C
NOG09050,YOR354C
NOG09128,YML066C
NOG09144,YGR014W
NOG09254,YNL236W
NOG09352,YLR455W
NOG09432,YBR272C
NOG09440,YKL075C
NOG09613,YLR392C
NOG09614,YGL036W
NOG09616,YPR007C
NOG09707,YAL011W
NOG09726,YOR298w
NOG09731,YNL294C
NOG09799,YOR380W
NOG09816,YBR185C
NOG09884,YDL063C
NOG09992,YDR303C
NOG09996,YOR023C
NOG10037,YKL185W
NOG10102,YMR160W
NOG10126,YBR255W
NOG10136,YBR036C
NOG10146,YIL146C
NOG10151,YMR228w
NOG10183,YOR227w
NOG10183,YPL137C
NOG10183,YJL042W
NOG10269,YLR287C
NOG10298,YOL089c
NOG10298,YBR150C
NOG10305,YOR352W
NOG10331,YIL139C
NOG10351,YPL158C
NOG10365,YOR249c
NOG10393,YLL007c
NOG10403,YLR173w
NOG10413,YPL070W
NOG10424,YLR320W
NOG10462,YMR111C
NOG10470,YJL020C
NOG10473,YAR014C
NOG10504,YGL151W
NOG10508,YML043c
NOG10516,YBR239C
NOG10546,YNR062C
NOG10548,YGR077C
NOG10585,YER109C
NOG10662,YJL146W
NOG10739,YDR240c
NOG10744,YJL209w
NOG10772,YML002W
NOG10815,YPR164W
NOG10838,YPL118W
NOG10845,YMR258C
NOG10940,YDR488C
NOG11006,YHR197W
NOG11011,YBR203W
NOG11027,YNL295W
NOG11030,YOL070C
NOG110412,YJR053w
NOG11054,YDR285w
NOG11081,YOR338W
NOG11081,YAL034C
NOG11098,YOR172W
NOG11098,YLR266C
NOG11144,YPL112C
NOG11152,YGL164C
NOG11153,YLR443W
NOG113130,YCR015C
NOG11357,YLR352W
NOG11384,YNL206C
NOG11404,YDR110W
NOG11415,YAL047C
NOG11501,YOL063c
NOG11535,YDR279W
NOG11559,YDL020c
NOG11591,YDR202C
NOG11662,YGR212w
NOG11801,YNL152W
NOG11885,YJR092W
NOG11947,YHR149c
NOG11947,YGR221C
NOG12028,YNL076w
NOG12067,YHL020c
NOG12093,YBR215W
NOG12103,YJR004C
NOG12105,YHR199C
NOG12170,YMR098C
NOG12188,YER167W
NOG12286,YER032W
NOG12363,YOR019W
NOG12363,YDR475C
NOG12379,YDL170W
NOG124373,YGR130c
NOG12452,YOR030W
NOG12461,YPR157W
NOG12461,YGR141W
NOG12508,YIL071C
NOG12544,YNL194C
NOG12544,YML052W
NOG12544,YDL222C
NOG12665,YJL051W
NOG12769,YML128C
NOG128982,YOR363C
NOG129414,YKL096W-A
NOG12982,YDR470C
NOG12986,YOR355W
NOG130533,YKL162C
NOG131437,YGL176C
NOG13318,YOL154W
NOG13422,YOR372C
NOG13474,YGL110C
NOG135768,YKR091W
NOG135821,YER128W
NOG135932,YIR025W
NOG13615,YMR155W
NOG13745,YDR207C
NOG14106,YCL051W
NOG14133,YLR190w
NOG14137,YJL192C
NOG14154,YCL002C
NOG14185,YMR295C
NOG14253,YDR420W
NOG14287,YDL212W
NOG14344,YKL142W
NOG14376,YOR174W
NOG14417,YHR041C
NOG14453,YDL237W
NOG14496,YHR083W
NOG14506,YOR228C
NOG14561,YGL005C
NOG14591,YOL117W
NOG14636,YOR043W
NOG14645,YKR004c
NOG14702,YGR075C
NOG14761,YJR144W
NOG14801,YHR167w
NOG14813,YDL044C
NOG14890,YGR104C
NOG14893,YKL130C
NOG14908,YDR318W
NOG14909,YLR312W-A
NOG14920,YLR326W
NOG14931,YFR042W
NOG14964,YNL164C
NOG14968,YNL327W
NOG14982,YCL047C
NOG15044,YCL032W
NOG15095,YHR124W
NOG15122,YBR100W
NOG15122,YBR098W
NOG15254,YLR141W
NOG15270,YGR122W
NOG15305,YLR360W
NOG15376,YDR014W
NOG15400,YLR267W
NOG15451,YFR001W
NOG15452,YOR313C
NOG15479,YOR252W
NOG15535,YBR128C
NOG15601,YLR199C
NOG15643,YGR120c
NOG15664,YDL063C
NOG15745,YHL038C
NOG15770,YJL025W
NOG15897,YLR135W
NOG15914,YPR139C
NOG15958,YOL019W
NOG15982,YDR065W
NOG16130,YDL239C
NOG16477,YPR174C
NOG16477,YLR457C
NOG16527,YOR242C
NOG16578,YER153C
NOG16603,YPR061C
NOG16668,YOR228c
NOG16686,YKR075c
NOG16738,YGR084C
NOG16790,YJL147C
NOG16826,YKL042W
NOG16938,YPL255W
NOG17035,YNL151C
NOG17047,YGL250W
NOG17076,YOR305W
NOG17102,YKR046C
NOG17122,YGR076C
NOG17146,YDR162C
NOG17189,YBR270C
NOG17189,YJL058C
NOG17203,YIL014w
NOG17203,YER001W
NOG17244,YAR002w
NOG17255,YLR049c
NOG17320,YBR122C
NOG17455,YBL010c
NOG17476,YER067W
NOG17476,YIL057C
NOG17486,YNL190W
NOG17490,YIL011w
NOG17490,YER011W
NOG17490,YBR067C
NOG17504,YMR263W
NOG17551,YMR180C
NOG17551,YPL228W
NOG17565,YDL005C
NOG17633,YNR040W
NOG17718,YOL007c
NOG17745,YLR292C
NOG17756,YCL063w
NOG17860,YKR011C
NOG17949,YOR060C
NOG18026,YAL014C
NOG18031,YKL186C
NOG18079,YML112W
NOG18171,YAL028W
NOG18198,YGR117C
NOG18240,YDR317w
NOG18251,YIL093C
NOG18253,YKL051w
NOG18256,YIL157C
NOG18335,YOL091W
NOG18377,YML031W
NOG18418,YJR118C
NOG18435,YJR112W
NOG18491,YGL258W
NOG18668,YCR086w
NOG18670,YHR184W
NOG18816,YPR172W
NOG18819,YGL090W
NOG18848,YIL077C
NOG18874,YNR045w
NOG18918,YPR057W
NOG18921,YGL249W
NOG19223,YGR113W
NOG19259,YKL096w
NOG19259,YKL096W-A
NOG19265,YPL041C
NOG19294,YKR085C
NOG19295,YLR309C
NOG19306,YBR156C
NOG19310,YEL018W
NOG19349,YLR404W
NOG19542,YDR124W
NOG19642,YKL105C
NOG19642,YMR086W
NOG19653,YLR018C
NOG19760,YLR257W
NOG19794,YIR016W
NOG19950,YAL027W
NOG20036,YPR098C
NOG20037,YBR250W
NOG20046,YDL233W
NOG20233,YPL187W
NOG20483,YDR078C
NOG20556,YPR153W
NOG20574,YOR138c
NOG20621,YBR211C
NOG20643,YOR350C
NOG20730,YLR052W
NOG20741,YBR077C
NOG20844,YMR144W
NOG20870,YAL013W
NOG20985,YBR255C-A
NOG21004,YJL023C
NOG21076,YJL173C
NOG21149,YBL029W
NOG21196,YKR065C
NOG21198,YOR279c
NOG21253,YCL049C
NOG21277,YDL099W
NOG21417,YOL067C
NOG21421,YOR220w
NOG21517,YIR019C
NOG21520,YGL079W
NOG21530,YGR041W
NOG21533,YPL162C
NOG21560,YNL050C
NOG21617,YIL101C
NOG21629,YMR063W
NOG21657,YPL159C
NOG21657,YPR151C
NOG21702,YJL096W
NOG21746,YGR042w
NOG21808,YDR463W
NOG21821,YKR006C
NOG21915,YDR079W
NOG21943,YNL254C
NOG22067,YNL322C
NOG22089,YBR165W
NOG22122,YER011W
NOG22162,YJL178C
NOG22172,YPL166W
NOG22204,YDR362C
NOG22238,YLR390W-A
NOG22332,YHL025W
NOG22344,YMR298W
NOG22351,YDR056C
NOG22358,YFR034C
NOG22409,YLR102C
NOG22444,YBR057C
NOG22495,YOR255W
NOG22562,YGL162W
NOG22740,YPL067C
NOG22811,YLR356W
NOG22811,YJR055W
NOG22815,YGR049W
NOG22869,YDR428C
NOG22871,YGL071W
NOG22899,YPL014W
NOG22903,YGR076C
NOG22911,YGR053C
NOG22951,YDR494W
NOG22985,YDR309C
NOG230038,YFR032C
NOG230065,YDL088C
NOG230100,YMR312W
NOG230112,YMR021C
NOG23036,YML055W
NOG23055,YKL122C
NOG230700,YHR103W
NOG230700,YDR351W
NOG230949,YGR140W
NOG231030,YJR011C
NOG231076,YER053C-A
NOG231202,YEL025C
NOG231203,YDL180W
NOG231291,YOR383C
NOG231315,YER149C
NOG231320,YGR222W
NOG231553,YER088C
NOG231554,YAL059W
NOG231638,YGR247W
NOG23166,YJL148W
NOG231782,YLR211C
NOG231866,YDL110C
NOG231974,YGR268C
NOG232312,YLR110C
NOG232348,YLR440C
NOG23241,YKR005C
NOG232527,YMR264W
NOG232528,YML113W
NOG23257,YGR174C
NOG232697,YML007W
NOG23272,YOL025W
NOG23297,YEL017W
NOG233064,YDR082W
NOG23325,YDL157C
NOG233316,YML048W
NOG233566,YDR219C
NOG233628,YDR359C
NOG233704,YLR108c
NOG233704,YDR132C
NOG23381,YGR081C
NOG23405,YBL006C
NOG234063,YML017W
NOG23452,YDR003W
NOG23452,YBR005W
NOG234706,YLR054C
NOG234740,YMR157C
NOG234742,YOR158W
NOG235345,YPL161C
NOG235373,YML062C
NOG235585,YPL189C-A
NOG235586,YDR370C
NOG23586,YPL033C
NOG235965,YGL138C
NOG236136,YBR129C
NOG236198,YBR076w
NOG23622,YOR264W
NOG236356,YNL166C
NOG236468,YDR089W
NOG236517,YNR039C
NOG236531,YHL028W
NOG23682,YIL132C
NOG23700,YLR145W
NOG237176,YMR094w
NOG237315,YKL098W
NOG23733,YFL010C
NOG237356,YCL014W
NOG237411,YLR376c
NOG237604,YPR106w
NOG237605,YPR046w
NOG23773,YMR191W
NOG237732,YDL089W
NOG23775,YHR159W
NOG237808,YKL122C
NOG23790,YGL223C
NOG238093,YMR232W
NOG238296,YPL108W
NOG23834,YPL121C
NOG238483,YMR159C
NOG23858,YHL009C
NOG238758,YHR045W
NOG238759,YJL103C
NOG239010,YKR077W
NOG239010,YOR066W
NOG239129,YGL113W
NOG23918,YKL052C
NOG23942,YMR311C
NOG239466,YGL093W
NOG239828,YBL031W
NOG239829,YBL107C
NOG240097,YOR152C
NOG24015,YBL046W
NOG240308,YJL186w
NOG240308,YBR015C
NOG240309,YPL039w
NOG240310,YDR480W
NOG240311,YPL052W
NOG240312,YEL072W
NOG240630,YMR282C
NOG240636,YPL077C
NOG240812,YJL131C
NOG240827,YPR115W
NOG240827,YIL105C
NOG240827,YGR097W
NOG240828,YPL007C
NOG241120,YNL159c
NOG241121,YNL158W
NOG241253,YBR167C
NOG241739,YGR179C
NOG24179,YPR158W
NOG24179,YGR142W
NOG24195,YMR265c
NOG24201,YNL188W
NOG242049,YEL043w
NOG24207,YOL110W
NOG242352,YNL049C
NOG24242,YNL100W
NOG242437,YDL130WA
NOG242437,YDL181W
NOG242746,YIL064W
NOG242865,YGL175C
NOG242866,YNR024W
NOG242867,YNR009W
NOG242868,YNR034W-A
NOG243137,YNL149C
NOG243196,YMR019W
NOG243260,YKR007w
NOG243583,YER092W
NOG243890,YGR168C
NOG243892,YJR003C
NOG244076,YPL241C
NOG244174,YMR312w
NOG244176,YPL272C
NOG244177,YGL033W
NOG244178,YPR083W
NOG24433,YKL054C
NOG244481,YIL098C
NOG24456,YLR332w
NOG24456,YGR023W
NOG24459,YLL033W
NOG245180,YPR149W
NOG245644,YPR101W
NOG245645,YDL073W
NOG245724,YLR226W
NOG245725,YDR179C
NOG245972,YPL193W
NOG245973,YOR047c
NOG245973,YDR277C
NOG246165,YGR239C
NOG246274,YNL282W
NOG246334,YNL237W
NOG246348,YDL223C
NOG246349,YKL006C-A
NOG24645,YPL267W
NOG246595,YPL221W
NOG246595,YGL139W
NOG246595,YOR365C
NOG246595,YAL053W
NOG246708,YPR171W
NOG24703,YMR071C
NOG247091,YKL061W
NOG247092,YDL197C
NOG247093,YOR342C
NOG247331,YJL174W
NOG247331,YDL049C
NOG247333,YJL171C
NOG247333,YBR162C
NOG247402,YMR003W
NOG247477,YBR060C
NOG247477,YBR045C
NOG24757,YBR047W
NOG24766,YDR231C
NOG247833,YLR288C
NOG247943,YNL042W
NOG248186,YOR385W
NOG248186,YMR316W
NOG248187,YLR079w
NOG248483,YPR075C
NOG248502,YMR184w
NOG248922,YGR128C
NOG249504,YPL250C
NOG249505,YML011C
NOG249506,YDL218w
NOG249644,YJR098C
NOG249655,YPL011c
NOG249692,YDR123C
NOG249693,YGR251W
NOG249796,YOR216C
NOG249845,YDL176W
NOG249905,YBR275C
NOG249965,YJR094C
NOG249967,YPL034W
NOG25045,YMR117C
NOG25046,YGL025c
NOG250870,YNL278w
NOG250870,YLR187W
NOG250912,YLR431C
NOG251051,YKR037C
NOG251128,YJR012C
NOG251196,YHR187W
NOG251207,YNL300w
NOG251208,YLR132C
NOG25128,YNL193W
NOG251726,YPR133W-A
NOG251727,YKL176C
NOG251749,YNL215W
NOG252208,YCR082W
NOG252243,YPL124W
NOG25233,YGL117W
NOG252345,YBR085C-A
NOG252373,YHR138C
NOG252576,YGR165W
NOG253671,YJL122W
NOG253672,YJL132W
NOG253946,YOR188W
NOG254083,YDL184C
NOG254083,YDL133C-A
NOG254375,YPL186C
NOG254376,YBL081W
NOG254377,YDR239C
NOG25440,YLR312C
NOG254488,YMR255W
NOG254872,YLR356W
NOG254872,YGR049W
NOG254873,YBL039W-B
NOG254874,YDL027C
NOG254875,YIR010W
NOG254877,YGR126W
NOG25489,YDL173W
NOG254907,YGL226C-A
NOG255246,YML050W
NOG255352,YHR101C
NOG255355,YIL011W
NOG255355,YER011W
NOG255356,YHR182W
NOG25571,YER079W
NOG255791,YER030w
NOG25590,YPL099C
NOG25595,YDR262W
NOG256005,YHR185C
NOG256032,YLR021W
NOG256033,YMR198W
NOG25610,YJL179W
NOG256552,YLR181C
NOG256553,YKR020W
NOG256554,YLR373C
NOG256563,YDR169C
NOG256744,YOR239W
NOG25676,YEL001C
NOG257034,YNR063W
NOG257035,YOR114W
NOG25731,YJR083C
NOG257439,YML020W
NOG257537,YDR348C
NOG257599,YER114C
NOG257599,YBL085W
NOG25762,YGL170C
NOG25763,YER158C
NOG25763,YDR085C
NOG257636,YHR211W
NOG257690,YOR017W
NOG257692,YIR007W
NOG257734,YDL133W
NOG257818,YIL041W
NOG257882,YOR329C
NOG257903,YDR051C
NOG257951,YLR223C
NOG257951,YDR223W
NOG257962,YLR203C
NOG257967,YBL007C
NOG257979,YKR064W
NOG257988,YKL164C
NOG257988,YJL159W
NOG257988,YJL158C
NOG258000,YLR423C
NOG258004,YER054C
NOG258029,YML103C
NOG25803,YLR040C
NOG258071,YKR096W
NOG258082,YJL020C
NOG258131,YDR479C
NOG258143,YOR129C
NOG258155,YOR296W
NOG25816,YGL041W-A
NOG258164,YIR023w
NOG258234,YNL258C
NOG258295,YJR046W
NOG258307,YPL277C
NOG258329,YPR089W
NOG25836,YMR112C
NOG258367,YML076C
NOG258375,YPL128C
NOG258413,YMR221C
NOG258437,YLL021W
NOG258492,YOR322C
NOG258519,YOR230w
NOG258519,YOR229W
NOG25854,YML108W
NOG258635,YIL130W
NOG258652,YBR151W
NOG258704,YLR324W
NOG258704,YGR004W
NOG258747,YHR178W
NOG258786,YMR280C
NOG258789,YMR100W
NOG258828,YLR098C
NOG258845,YFL026W
NOG25887,YLR073C
NOG258900,YBR240C
NOG258918,YOR049C
NOG258924,YDR520C
NOG258969,YLR139C
NOG258977,YPL173W
NOG259055,YMR173W
NOG259057,YLR046C
NOG259057,YGR213C
NOG259060,YIL140W
NOG259116,YER080W
NOG259146,YJR078w
NOG259183,YFL049W
NOG259278,YMR091C
NOG25932,YHR105W
NOG259337,YPL283C
NOG259366,YMR238
NOG259384,YGL060W
NOG259384,YBR216C
NOG25942,YIL087C
NOG259494,YNL156C
NOG259494,YHR133C
NOG259569,YBL093C
NOG25966,YHR143W
NOG259823,YCL032W
NOG260014,YPR148C
NOG26005,YJL184W
NOG260304,YDR210W
NOG26033,YLR110C
NOG26033,YDR134C
NOG26105,YJL062W-A
NOG26110,YKL214C
NOG26136,YKL178C
NOG26137,YFL014W
NOG26152,YMR225C
NOG262033,YPR158W
NOG262033,YGR142W
NOG26231,YIR021W
NOG26241,YPR116W
NOG26271,YKL089W
NOG26292,YPL018W
NOG263110,YBL086C
NOG263383,YMR126C
NOG26371,YER058W
NOG263760,YML109W
NOG26393,YER046W
NOG26482,YDR031W
NOG26537,YHL009C
NOG265534,YCR106W
NOG265534,YAL051W
NOG26573,YKL011C
NOG26573,YIR021W
NOG265797,YKL164C
NOG265797,YJL158C
NOG26580,YDR357C
NOG26619,YDR130C
NOG26641,YAL008W
NOG266486,YKL109W
NOG266536,YMR187C
NOG26664,YDR113C
NOG26677,YEL048C
NOG26695,YNL214W
NOG267071,YCR089W
NOG267073,YLR262C-A
NOG267121,YER080W
NOG26714,YLR385C
NOG26776,YDL139C
NOG26801,YFR049W
NOG26828,YDR446W
NOG26831,YDR184C
NOG26833,YHL026C
NOG26848,YFL010C
NOG269112,YDL110C
NOG26923,YGL061C
NOG269258,YPL254W
NOG26929,YIL135C
NOG269315,YHR109W
NOG269356,YOR223W
NOG269390,YKL183W
NOG269437,YLR363C
NOG269459,YDR181C
NOG269473,YGL215W
NOG269479,YDR391C
NOG269489,YBR151W
NOG26949,YML091C
NOG269520,YBR067C
NOG269520,YIL011W
NOG269520,YOR010C
NOG269520,YER011W
NOG269522,YDR179W-A
NOG269669,YLR183C
NOG269669,YDR501W
NOG269716,YDR476C
NOG269729,YKL119C
NOG269760,YBR108W
NOG269815,YOR315W
NOG269851,YCR028CA
NOG269851,YCR028C-A
NOG269862,YKL204W
NOG269971,YDR262W
NOG269987,YKL167C
NOG269992,YBL025W
NOG27005,YML107C
NOG270128,YIR003W
NOG270176,YCL028W
NOG270182,YGL228W
NOG270207,YMR119W
NOG270243,YGR023W
NOG270386,YBL029C-A
NOG270455,YGR016W
NOG270517,YLR326W
NOG270601,YDR512C
NOG270615,YLR456W
NOG270631,YKR049C
NOG270676,YOR078W
NOG270691,YMR164C
NOG270869,YHL028W
NOG270884,YMR294W
NOG271015,YMR123W
NOG271042,YIL156W-B
NOG271072,YLR050C
NOG271081,YCL005W-A
NOG271095,YCR015C
NOG271109,YGL166W
NOG271167,YOR045W
NOG271173,YNL086W
NOG271228,YAL014C
NOG271247,YHR001WA
NOG271247,YHR001W-A
NOG27129,YMR299C
NOG271426,YCR089W
NOG271549,YLR341W
NOG27159,YNR049c
NOG271616,YIR017C
NOG27171,YCR076C
NOG27181,YJR135C
NOG271915,YDR524C-B
NOG272050,YDR363WA
NOG272131,YKR095W-A
NOG272157,YNL015W
NOG272161,YDR016C
NOG272206,YOR214C
NOG272206,YPL130W
NOG272255,YDR259C
NOG272316,YPR005C
NOG272343,YHR185C
NOG272349,YKL108W
NOG272406,YGR236c
NOG272415,YPL201C
NOG272459,YDR077W
NOG272528,YAL028W
NOG272634,YDR420W
NOG272669,YPL068C
NOG272977,YDL223C
NOG27302,YPR109W
NOG27318,YLR414C
NOG273206,YDL053C
NOG273358,YDR119wa
NOG273467,YML058W
NOG27353,YGL081W
NOG27354,YDL169C
NOG273623,YOR045W
NOG273660,YOR304C-A
NOG27422,YLR327C
NOG27422,YGR008C
NOG274294,YER080W
NOG274315,YGR221C
NOG274355,YHR131C
NOG274355,YNL144C
NOG27443,YOL104C
NOG274431,YOR172w
NOG274431,YLR266C
NOG27500,YGL057C
NOG275249,YJL158c
NOG27579,YCL056C
NOG27581,YLR329w
NOG27588,YCR040W
NOG27588,YCL066W
NOG27601,YIL024C
NOG27619,YPR170W-B
NOG27619,YPR169W-A
NOG27658,YHR060W
NOG27671,YNL133C
NOG276797,YKL093W
NOG27720,YFL031W
NOG277395,YHR126C
NOG277620,YIL159W
NOG27784,YLR363W-A
NOG27831,YNR022C
NOG27864,YPL168W
NOG27930,YMR052W
NOG27989,YBR107C
NOG28022,YIR024c
NOG281395,YJL061W
NOG28165,YIL119C
NOG28170,YIL009C-A
NOG281919,YMR219W
NOG28206,YGR106c
NOG28225,YDR073w
NOG28229,YBR197C
NOG28229,YPL077C
NOG28243,YHR127W
NOG28291,YLR221C
NOG283198,YER158C
NOG283198,YDR085C
NOG283576,YCR089W
NOG28462,YIL122W
NOG28480,YNL042w
NOG28505,YDR439w
NOG28519,YFR008W
NOG28521,YDR478W
NOG28527,YDL129w
NOG28604,YOR104w
NOG28688,YAL055W
NOG28884,YBL028c
NOG28913,YDL069C
NOG28921,YDL211C
NOG28921,YNL176C
NOG28930,YGR079W
NOG28975,YLR445W
NOG29113,YGR206W
NOG29115,YCL005W
NOG29147,YML109W
NOG29175,YJR021C
NOG29286,YJR086W
NOG29326,YOL131W
NOG29326,YNL309W
NOG29400,YLR224W
NOG29436,YIL117C
NOG29436,YNL058C
NOG29536,YOR266w
NOG29554,YDR383c
NOG29697,YER044C-A
NOG29880,YER137C
NOG29939,YLR254C
NOG29994,YKR004C
NOG30025,YDR493W
NOG30057,YJR056c
NOG30148,YLR119W
NOG30235,YLR407W
NOG30272,YJL170C
NOG30295,YPR063C
NOG30380,YMR124w
NOG30464,YDR227W
NOG30667,YJR027W
NOG30752,YBR269C
NOG30786,YKL208W
NOG30818,YPR134W
NOG30833,YPR010C-A
NOG30940,YNL038W
NOG30942,YMR014W
NOG30973,YDR100W
NOG31003,YMR133W
NOG31114,YIL016W
NOG31115,YAL034W-A
NOG31138,YDR377W
NOG31140,YNL211C
NOG31161,YCL012C
NOG31185,YML037C
NOG31227,YNL208W
NOG31267,YER180C-A
NOG31288,YMR252C
NOG31307,YLR154C
NOG31326,YBR253W
NOG31357,YML129C
NOG31366,YLR408C
NOG31490,YDL012C
NOG31565,YKR095W-A
NOG31712,YCR043C
NOG31744,YDR249C
NOG31767,YNR014W
NOG31767,YMR206W
NOG31771,YMR244C
NOG31794,YER035W
NOG31804,YLR262C-A
NOG31811,YNL213C
NOG31818,YLL042C
NOG31819,YIL037C
NOG31836,YOL044W
NOG31859,YPL144W
NOG31864,YKL063C
NOG31880,YMR107W
NOG31899,YFR046C
NOG31928,YMR256C
NOG31931,YMR194C-B
NOG31945,YOR008C
NOG32182,YBR233W-A
NOG32325,YGL108C
NOG32329,YGR030C
NOG32340,YDR498C
NOG32346,YOL086W-A
NOG32398,YDR077W
NOG32404,YIL161W
NOG32439,YER071C
NOG32474,YMR204C
NOG32494,YIR014W
NOG32533,YBR152W
NOG32571,YKL138C
NOG32571,YKL138
NOG32603,YDL160C-A
NOG32640,YJL161W
NOG32642,YLR283W
NOG32675,YKR041W
NOG32742,YNL216W
NOG32840,YER180C
NOG32878,YER106W
NOG32907,YDR320CA
NOG32907,YDR320C-A
NOG32940,YNL314W
NOG32944,YBR230C
NOG32975,YNR010W
NOG33035,YOR148C
NOG33077,YML119W
NOG33080,YPL201C
NOG33232,YML058W
NOG33242,YHR195W
NOG33305,YBR015C
NOG33387,YDL186W
NOG33464,YER034W
NOG33496,YGL146C
NOG33605,YOL047C
NOG33662,YDR106W
NOG33735,YJR112W-A
NOG33762,YBR193C
NOG33811,YIL027C
NOG33894,YMR031C
NOG33894,YKL050C
NOG33915,YCR089W
NOG33938,YDR156W
NOG34060,YJL066C
NOG34099,YBR058C-A
NOG34197,YKR083C
NOG34278,YEL005C
NOG34391,YDR464W
NOG34420,YBR259W
NOG34420,YJL047C
NOG34481,YOL077W-A
NOG34494,YBR258C
NOG34530,YER104W
NOG34598,YDR381C-A
NOG34607,YMR269W
NOG34791,YJL003W
NOG34821,YLR390W
NOG34824,YDR260C
NOG34865,YHR079CA
NOG34865,YHR079C-A
NOG34888,YLR194C
NOG34973,YHL006C
NOG35063,YDL053C
NOG35081,YNL162W
NOG35197,YOL108C
NOG35204,YHR087W
NOG35258,YOR247W
NOG35310,YNR004W
NOG35516,YBL029C-A
NOG35561,YIL040W
NOG35623,YPL233W
NOG35750,YPL055C
NOG35760,YMR025W
NOG35798,YDL121C
NOG35856,YIL156W-B
NOG35964,YKR022C
NOG35972,YDL197C
NOG36007,YDR022C
NOG36024,YIR018W
NOG36025,YKR045C
NOG36028,YOR382W
NOG36094,YOR315W
NOG36156,YEL025C
NOG36446,YNL078W
NOG36483,YBL059W
NOG36707,YBR120C
NOG36711,YGL121C
NOG36740,YER063W
NOG36997,YFR043C
NOG37165,YDR089W
NOG37230,YCR075W-A
NOG37366,YAL059W
NOG37708,YER115C
NOG37887,YEL059C-A
NOG37894,YOL026C
NOG37899,YLR099W-A
NOG38081,YBR157C
NOG38142,YER076C
NOG38171,YJL205C
NOG38185,YJL127CB
NOG38275,YDR034W-B
NOG38367,YGR161C
NOG38377,YMR122W-A
NOG38685,YKR022C
NOG38747,YMR059W
NOG38808,YDL069C
NOG38923,YDR286C
NOG38931,YML081C-A
NOG39099,YBR071W
NOG39110,YNL145W
